code,klt,loss,mape,val_loss,val_mape,modelname
c000797,103,0.1,8.31,0.14,6.6,/kaggle/working/models_2/103/0.10_000797_19_mem_3_ltsm_1_dense_1_unit_64.h5
c000797,103,0.1,8.24,0.19,7.86,/kaggle/working/models_2/103/0.10_000797_20_mem_3_ltsm_1_dense_1_unit_64.h5
c000797,103,0.1,9.02,0.16,7.46,/kaggle/working/models_2/103/0.10_000797_22_mem_3_ltsm_1_dense_1_unit_64.h5
c002652,103,0.17,7.08,0.04,4.66,/kaggle/working/models_2/103/0.17_002652_67_mem_3_ltsm_1_dense_1_unit_64.h5
c002652,103,0.17,6.49,0.04,4.85,/kaggle/working/models_2/103/0.17_002652_72_mem_3_ltsm_1_dense_1_unit_64.h5
c000421,103,0.18,7.39,0.1,3.24,/kaggle/working/models_2/103/0.18_000421_31_mem_3_ltsm_1_dense_1_unit_64.h5
c000421,103,0.18,9.35,0.1,3.16,/kaggle/working/models_2/103/0.18_000421_39_mem_3_ltsm_1_dense_1_unit_64.h5
c000800,103,0.59,29.62,0.09,2.6,/kaggle/working/models_2/103/0.59_000800_53_mem_3_ltsm_1_dense_1_unit_64.h5
c600051,103,0.45,7.31,0.07,3.22,/kaggle/working/models_2/103/0.45_600051_28_mem_3_ltsm_1_dense_1_unit_64.h5
c002703,103,1.84,12.2,9.16,20.79,/kaggle/working/models_2/103/1.84_002703_20_mem_3_ltsm_1_dense_1_unit_64.h5
c002911,103,1.13,9.4,7.84,13.3,/kaggle/working/models_2/103/1.13_002911_42_mem_3_ltsm_1_dense_1_unit_64.h5
c002644,103,2.16,13.09,4.35,15.68,/kaggle/working/models_2/103/2.16_002644_17_mem_3_ltsm_1_dense_1_unit_64.h5
c000666,103,0.62,8.4,0.54,4.89,/kaggle/working/models_2/103/0.62_000666_37_mem_3_ltsm_1_dense_1_unit_64.h5
c601858,103,0.51,6.16,1.8,6.46,/kaggle/working/models_2/103/0.51_601858_89_mem_3_ltsm_1_dense_1_unit_64.h5
c002875,103,5.88,15.44,30.34,15.89,/kaggle/working/models_2/103/5.88_002875_14_mem_3_ltsm_1_dense_1_unit_64.h5
c600130,103,0.16,7.18,0.04,4.35,/kaggle/working/models_2/103/0.16_600130_32_mem_3_ltsm_1_dense_1_unit_64.h5
c600647,103,0.82,8.1,1.34,5.89,/kaggle/working/models_2/103/0.82_600647_30_mem_3_ltsm_1_dense_1_unit_64.h5
c603689,103,0.53,6.97,0.87,7.08,/kaggle/working/models_2/103/0.53_603689_53_mem_3_ltsm_1_dense_1_unit_64.h5
c002855,103,1.47,8.28,1.82,13.45,/kaggle/working/models_2/103/1.47_002855_30_mem_3_ltsm_1_dense_1_unit_64.h5
c600266,103,0.31,15.45,0.04,3.08,/kaggle/working/models_2/103/0.31_600266_28_mem_3_ltsm_1_dense_1_unit_64.h5
c603811,103,3.81,11.2,2.45,9.22,/kaggle/working/models_2/103/3.81_603811_27_mem_3_ltsm_1_dense_1_unit_64.h5
c603949,103,20.0,22.41,30.32,17.8,/kaggle/working/models_2/103/20.00_603949_24_mem_3_ltsm_1_dense_1_unit_64.h5
c000722,103,0.51,8.75,0.27,3.53,/kaggle/working/models_2/103/0.51_000722_25_mem_3_ltsm_1_dense_1_unit_64.h5
c002150,103,0.21,7.74,7.41,5.19,/kaggle/working/models_2/103/0.21_002150_53_mem_3_ltsm_1_dense_1_unit_64.h5
c002728,103,10.13,13.69,47.0,20.58,/kaggle/working/models_2/103/10.13_002728_29_mem_3_ltsm_1_dense_1_unit_64.h5
c000888,103,0.27,8.25,0.26,5.9,/kaggle/working/models_2/103/0.27_000888_39_mem_3_ltsm_1_dense_1_unit_64.h5
c600791,103,0.18,6.85,0.03,3.7,/kaggle/working/models_2/103/0.18_600791_36_mem_3_ltsm_1_dense_1_unit_64.h5
c603289,103,0.99,9.08,2.79,12.2,/kaggle/working/models_2/103/0.99_603289_42_mem_3_ltsm_1_dense_1_unit_64.h5
c002105,103,0.21,7.63,0.16,3.92,/kaggle/working/models_2/103/0.21_002105_50_mem_3_ltsm_1_dense_1_unit_64.h5
c000736,103,0.12,11.83,9.22,8.41,/kaggle/working/models_2/103/0.12_000736_40_mem_3_ltsm_1_dense_1_unit_64.h5
c000736,103,0.12,11.34,9.18,8.04,/kaggle/working/models_2/103/0.12_000736_47_mem_3_ltsm_1_dense_1_unit_64.h5
c000815,103,1.65,12.07,19.24,27.71,/kaggle/working/models_2/103/1.65_000815_12_mem_3_ltsm_1_dense_1_unit_64.h5
c003027,103,20.67,16.49,233.88,35.4,/kaggle/working/models_2/103/20.67_003027_33_mem_3_ltsm_1_dense_1_unit_64.h5
c603029,103,3.87,9.63,21.69,20.89,/kaggle/working/models_2/103/3.87_603029_39_mem_3_ltsm_1_dense_1_unit_64.h5
c000025,103,4.79,17.4,50.53,30.39,/kaggle/working/models_2/103/4.79_000025_11_mem_3_ltsm_1_dense_1_unit_64.h5
c600354,103,0.3,7.33,0.19,5.67,/kaggle/working/models_2/103/0.30_600354_49_mem_3_ltsm_1_dense_1_unit_64.h5
c000006,103,0.14,37.32,0.18,5.09,/kaggle/working/models_2/103/0.14_000006_16_mem_3_ltsm_1_dense_1_unit_64.h5
c000625,103,0.09,31.96,4.49,12.99,/kaggle/working/models_2/103/0.09_000625_36_mem_3_ltsm_1_dense_1_unit_64.h5
c600675,103,0.11,21.86,0.02,2.03,/kaggle/working/models_2/103/0.11_600675_32_mem_3_ltsm_1_dense_1_unit_64.h5
c600675,103,0.11,24.85,0.02,2.57,/kaggle/working/models_2/103/0.11_600675_39_mem_3_ltsm_1_dense_1_unit_64.h5
c600675,103,0.11,25.17,0.02,2.16,/kaggle/working/models_2/103/0.11_600675_50_mem_3_ltsm_1_dense_1_unit_64.h5
c002305,103,0.08,5.66,0.21,11.94,/kaggle/working/models_2/103/0.08_002305_51_mem_3_ltsm_1_dense_1_unit_64.h5
c000617,103,0.44,9.75,0.1,3.27,/kaggle/working/models_2/103/0.44_000617_50_mem_3_ltsm_1_dense_1_unit_64.h5
c002523,103,0.07,9.35,0.09,8.15,/kaggle/working/models_2/103/0.07_002523_31_mem_3_ltsm_1_dense_1_unit_64.h5
c002420,103,0.27,5.91,0.28,5.47,/kaggle/working/models_2/103/0.27_002420_67_mem_3_ltsm_1_dense_1_unit_64.h5
c000926,103,0.35,7.09,0.04,2.84,/kaggle/working/models_2/103/0.35_000926_65_mem_3_ltsm_1_dense_1_unit_64.h5
c000926,103,0.35,7.01,0.03,2.31,/kaggle/working/models_2/103/0.35_000926_66_mem_3_ltsm_1_dense_1_unit_64.h5
c000926,103,0.35,6.83,0.04,2.52,/kaggle/working/models_2/103/0.35_000926_80_mem_3_ltsm_1_dense_1_unit_64.h5
c000926,103,0.35,7.36,0.3,9.36,/kaggle/working/models_2/103/0.35_000926_85_mem_3_ltsm_1_dense_1_unit_64.h5
c002382,103,1.14,9.3,2.47,10.17,/kaggle/working/models_2/103/1.14_002382_32_mem_3_ltsm_1_dense_1_unit_64.h5
c600213,103,0.6,8.97,0.21,4.51,/kaggle/working/models_2/103/0.60_600213_32_mem_3_ltsm_1_dense_1_unit_64.h5
c600213,103,0.6,8.93,0.16,3.54,/kaggle/working/models_2/103/0.60_600213_43_mem_3_ltsm_1_dense_1_unit_64.h5
c600622,103,0.05,17.55,0.4,5.87,/kaggle/working/models_2/103/0.05_600622_33_mem_3_ltsm_1_dense_1_unit_64.h5
c600622,103,0.05,19.82,0.39,7.47,/kaggle/working/models_2/103/0.05_600622_34_mem_3_ltsm_1_dense_1_unit_64.h5
c600006,103,0.2,10.41,0.26,5.83,/kaggle/working/models_2/103/0.20_600006_19_mem_3_ltsm_1_dense_1_unit_64.h5
c600823,103,0.05,30.72,0.07,4.89,/kaggle/working/models_2/103/0.05_600823_43_mem_3_ltsm_1_dense_1_unit_64.h5
c000868,103,0.17,7.36,0.19,6.68,/kaggle/working/models_2/103/0.17_000868_25_mem_3_ltsm_1_dense_1_unit_64.h5
c000868,103,0.17,8.11,0.47,9.68,/kaggle/working/models_2/103/0.17_000868_27_mem_3_ltsm_1_dense_1_unit_64.h5
c603777,103,8.03,16.01,11.96,13.32,/kaggle/working/models_2/103/8.03_603777_14_mem_3_ltsm_1_dense_1_unit_64.h5
c003042,103,4.38,8.4,49.88,24.48,/kaggle/working/models_2/103/4.38_003042_35_mem_3_ltsm_1_dense_1_unit_64.h5
c002101,103,0.34,6.33,8.34,8.55,/kaggle/working/models_2/103/0.34_002101_99_mem_3_ltsm_1_dense_1_unit_64.h5
c000593,103,0.32,7.4,0.23,5.49,/kaggle/working/models_2/103/0.32_000593_29_mem_3_ltsm_1_dense_1_unit_64.h5
c603699,103,1.71,7.37,0.52,6.18,/kaggle/working/models_2/103/1.71_603699_50_mem_3_ltsm_1_dense_1_unit_64.h5
c603043,103,9.47,12.2,4.27,7.99,/kaggle/working/models_2/103/9.47_603043_25_mem_3_ltsm_1_dense_1_unit_64.h5
c601633,103,0.49,7.74,1043.25,74.04,/kaggle/working/models_2/103/0.49_601633_63_mem_3_ltsm_1_dense_1_unit_64.h5
c601698,103,4.81,12.19,16.15,34.34,/kaggle/working/models_2/103/4.81_601698_29_mem_3_ltsm_1_dense_1_unit_64.h5
c600418,103,0.34,10.55,1.92,8.86,/kaggle/working/models_2/103/0.34_600418_32_mem_3_ltsm_1_dense_1_unit_64.h5
c002561,103,0.46,5.88,0.93,6.65,/kaggle/working/models_2/103/0.46_002561_62_mem_3_ltsm_1_dense_1_unit_64.h5
c002997,103,17.35,12.58,506.91,78.15,/kaggle/working/models_2/103/17.35_002997_33_mem_3_ltsm_1_dense_1_unit_64.h5
c600526,103,0.7,8.42,0.3,8.34,/kaggle/working/models_2/103/0.70_600526_32_mem_3_ltsm_1_dense_1_unit_64.h5
c002579,103,0.53,8.35,0.33,5.52,/kaggle/working/models_2/103/0.53_002579_43_mem_3_ltsm_1_dense_1_unit_64.h5
c002579,103,0.53,10.04,0.36,5.08,/kaggle/working/models_2/103/0.53_002579_50_mem_3_ltsm_1_dense_1_unit_64.h5
c002033,103,0.26,8.41,0.67,10.5,/kaggle/working/models_2/103/0.26_002033_45_mem_3_ltsm_1_dense_1_unit_64.h5
c002192,103,4.88,14.65,4711.57,46.17,/kaggle/working/models_2/103/4.88_002192_65_mem_3_ltsm_1_dense_1_unit_64.h5
c002999,103,0.54,7.05,5.38,20.69,/kaggle/working/models_2/103/0.54_002999_25_mem_3_ltsm_1_dense_1_unit_64.h5
c002758,103,4.65,13.75,6.82,14.57,/kaggle/working/models_2/103/4.65_002758_16_mem_3_ltsm_1_dense_1_unit_64.h5
c600050,103,0.16,7.04,0.03,2.49,/kaggle/working/models_2/103/0.16_600050_36_mem_3_ltsm_1_dense_1_unit_64.h5
c002669,103,1.79,6.96,0.69,5.18,/kaggle/working/models_2/103/1.79_002669_39_mem_3_ltsm_1_dense_1_unit_64.h5
c002187,103,0.67,7.36,0.52,7.02,/kaggle/working/models_2/103/0.67_002187_35_mem_3_ltsm_1_dense_1_unit_64.h5
c603179,103,5.09,11.83,132.28,25.71,/kaggle/working/models_2/103/5.09_603179_30_mem_3_ltsm_1_dense_1_unit_64.h5
c000550,103,1.41,16.15,2.57,7.93,/kaggle/working/models_2/103/1.41_000550_35_mem_3_ltsm_1_dense_1_unit_64.h5
c000957,103,0.22,9.58,0.5,5.21,/kaggle/working/models_2/103/0.22_000957_41_mem_3_ltsm_1_dense_1_unit_64.h5
c603596,103,7.6,7.7,207.82,15.09,/kaggle/working/models_2/103/7.60_603596_99_mem_3_ltsm_1_dense_1_unit_64.h5
c601127,103,13.97,17.68,202.4,25.49,/kaggle/working/models_2/103/13.97_601127_43_mem_3_ltsm_1_dense_1_unit_64.h5
c603982,103,60.09,24.4,22.46,13.39,/kaggle/working/models_2/103/60.09_603982_23_mem_3_ltsm_1_dense_1_unit_64.h5
c603305,103,23.68,16.42,124.23,26.66,/kaggle/working/models_2/103/23.68_603305_19_mem_3_ltsm_1_dense_1_unit_64.h5
c603177,103,1.63,7.69,25.34,22.76,/kaggle/working/models_2/103/1.63_603177_92_mem_3_ltsm_1_dense_1_unit_64.h5
c605128,103,56.48,16.4,2224.88,82.62,/kaggle/working/models_2/103/56.48_605128_40_mem_3_ltsm_1_dense_1_unit_64.h5
c002708,103,0.58,7.23,0.71,9.57,/kaggle/working/models_2/103/0.58_002708_50_mem_3_ltsm_1_dense_1_unit_64.h5
c603917,103,1.61,8.37,177.06,36.23,/kaggle/working/models_2/103/1.61_603917_69_mem_3_ltsm_1_dense_1_unit_64.h5
c600686,103,0.39,21.96,0.24,4.98,/kaggle/working/models_2/103/0.39_600686_28_mem_3_ltsm_1_dense_1_unit_64.h5
c002134,103,0.56,6.99,0.33,4.79,/kaggle/working/models_2/103/0.56_002134_36_mem_3_ltsm_1_dense_1_unit_64.h5
c003023,103,4.17,8.81,78.31,30.07,/kaggle/working/models_2/103/4.17_003023_53_mem_3_ltsm_1_dense_1_unit_64.h5
c002616,103,0.52,9.17,0.88,13.92,/kaggle/working/models_2/103/0.52_002616_35_mem_3_ltsm_1_dense_1_unit_64.h5
c600122,103,0.29,7.85,0.17,14.74,/kaggle/working/models_2/103/0.29_600122_52_mem_3_ltsm_1_dense_1_unit_64.h5
c600122,103,0.29,7.36,0.09,8.92,/kaggle/working/models_2/103/0.29_600122_53_mem_3_ltsm_1_dense_1_unit_64.h5
c000150,103,0.66,11.45,2.75,25.19,/kaggle/working/models_2/103/0.66_000150_24_mem_3_ltsm_1_dense_1_unit_64.h5
c600260,103,0.67,12.6,2.18,35.27,/kaggle/working/models_2/103/0.67_600260_24_mem_3_ltsm_1_dense_1_unit_64.h5
c000616,103,0.09,10.51,0.02,4.66,/kaggle/working/models_2/103/0.09_000616_46_mem_3_ltsm_1_dense_1_unit_64.h5
c000616,103,0.09,9.23,0.02,3.94,/kaggle/working/models_2/103/0.09_000616_49_mem_3_ltsm_1_dense_1_unit_64.h5
c000616,103,0.09,9.82,0.03,4.32,/kaggle/working/models_2/103/0.09_000616_56_mem_3_ltsm_1_dense_1_unit_64.h5
c600139,103,0.48,15.94,0.76,26.5,/kaggle/working/models_2/103/0.48_600139_26_mem_3_ltsm_1_dense_1_unit_64.h5
c002005,103,0.24,8.0,0.08,17.24,/kaggle/working/models_2/103/0.24_002005_47_mem_3_ltsm_1_dense_1_unit_64.h5
c002152,103,0.39,9.1,1.33,6.38,/kaggle/working/models_2/103/0.39_002152_34_mem_3_ltsm_1_dense_1_unit_64.h5
c000402,103,0.21,10.25,0.03,1.57,/kaggle/working/models_2/103/0.21_000402_60_mem_3_ltsm_1_dense_1_unit_64.h5
c600608,103,0.23,7.35,0.33,4.75,/kaggle/working/models_2/103/0.23_600608_34_mem_3_ltsm_1_dense_1_unit_64.h5
c002024,103,0.61,14.84,0.25,10.89,/kaggle/working/models_2/103/0.61_002024_25_mem_3_ltsm_1_dense_1_unit_64.h5
c600518,103,0.56,31.58,3.02,28.98,/kaggle/working/models_2/103/0.56_600518_29_mem_3_ltsm_1_dense_1_unit_64.h5
c002776,103,1.6,11.78,1.17,31.57,/kaggle/working/models_2/103/1.60_002776_34_mem_3_ltsm_1_dense_1_unit_64.h5
c600767,103,0.55,7.51,0.09,5.04,/kaggle/working/models_2/103/0.55_600767_28_mem_3_ltsm_1_dense_1_unit_64.h5
c603366,103,0.35,7.02,0.14,5.12,/kaggle/working/models_2/103/0.35_603366_75_mem_3_ltsm_1_dense_1_unit_64.h5
c000069,103,0.14,19.49,0.12,3.74,/kaggle/working/models_2/103/0.14_000069_37_mem_3_ltsm_1_dense_1_unit_64.h5
c002700,103,1.18,9.39,0.2,9.8,/kaggle/working/models_2/103/1.18_002700_27_mem_3_ltsm_1_dense_1_unit_64.h5
c600601,103,0.06,8.0,0.02,3.55,/kaggle/working/models_2/103/0.06_600601_15_mem_3_ltsm_1_dense_1_unit_64.h5
c600601,103,0.06,7.0,0.02,3.61,/kaggle/working/models_2/103/0.06_600601_16_mem_3_ltsm_1_dense_1_unit_64.h5
c000796,103,0.67,7.95,1.19,8.53,/kaggle/working/models_2/103/0.67_000796_38_mem_3_ltsm_1_dense_1_unit_64.h5
c600933,103,0.95,6.81,19.22,19.38,/kaggle/working/models_2/103/0.95_600933_75_mem_3_ltsm_1_dense_1_unit_64.h5
c600112,103,0.54,7.85,0.32,13.1,/kaggle/working/models_2/103/0.54_600112_48_mem_3_ltsm_1_dense_1_unit_64.h5
c600099,103,0.51,7.66,0.14,3.95,/kaggle/working/models_2/103/0.51_600099_33_mem_3_ltsm_1_dense_1_unit_64.h5
c002843,103,6.84,15.87,40.76,30.19,/kaggle/working/models_2/103/6.84_002843_20_mem_3_ltsm_1_dense_1_unit_64.h5
c000819,103,1.12,8.39,0.35,3.56,/kaggle/working/models_2/103/1.12_000819_49_mem_3_ltsm_1_dense_1_unit_64.h5
c000889,103,0.28,8.95,0.28,8.65,/kaggle/working/models_2/103/0.28_000889_26_mem_3_ltsm_1_dense_1_unit_64.h5
c600303,103,0.38,8.82,0.23,5.83,/kaggle/working/models_2/103/0.38_600303_22_mem_3_ltsm_1_dense_1_unit_64.h5
c002482,103,0.75,9.38,0.66,30.54,/kaggle/working/models_2/103/0.75_002482_21_mem_3_ltsm_1_dense_1_unit_64.h5
c600666,103,0.04,9.69,0.38,24.45,/kaggle/working/models_2/103/0.04_600666_25_mem_3_ltsm_1_dense_1_unit_64.h5
c002416,103,0.66,7.75,0.25,4.47,/kaggle/working/models_2/103/0.66_002416_57_mem_3_ltsm_1_dense_1_unit_64.h5
c002906,103,12.9,14.01,91.39,22.79,/kaggle/working/models_2/103/12.90_002906_29_mem_3_ltsm_1_dense_1_unit_64.h5
c002786,103,1.12,7.87,0.67,11.0,/kaggle/working/models_2/103/1.12_002786_47_mem_3_ltsm_1_dense_1_unit_64.h5
c000564,103,0.02,8.91,0.04,11.81,/kaggle/working/models_2/103/0.02_000564_15_mem_3_ltsm_1_dense_1_unit_64.h5
c000564,103,0.02,8.39,0.06,13.97,/kaggle/working/models_2/103/0.02_000564_16_mem_3_ltsm_1_dense_1_unit_64.h5
c000564,103,0.02,8.91,0.05,11.88,/kaggle/working/models_2/103/0.02_000564_17_mem_3_ltsm_1_dense_1_unit_64.h5
c000564,103,0.02,8.15,0.05,11.09,/kaggle/working/models_2/103/0.02_000564_23_mem_3_ltsm_1_dense_1_unit_64.h5
c000564,103,0.02,7.31,0.05,9.87,/kaggle/working/models_2/103/0.02_000564_24_mem_3_ltsm_1_dense_1_unit_64.h5
c000564,103,0.02,8.59,0.04,9.9,/kaggle/working/models_2/103/0.02_000564_25_mem_3_ltsm_1_dense_1_unit_64.h5
c000564,103,0.02,8.28,0.05,10.55,/kaggle/working/models_2/103/0.02_000564_26_mem_3_ltsm_1_dense_1_unit_64.h5
c000564,103,0.02,7.62,0.05,10.76,/kaggle/working/models_2/103/0.02_000564_27_mem_3_ltsm_1_dense_1_unit_64.h5
c000564,103,0.02,8.05,0.06,11.21,/kaggle/working/models_2/103/0.02_000564_28_mem_3_ltsm_1_dense_1_unit_64.h5
c000564,103,0.02,8.01,0.05,10.31,/kaggle/working/models_2/103/0.02_000564_29_mem_3_ltsm_1_dense_1_unit_64.h5
c000564,103,0.02,8.34,0.05,9.95,/kaggle/working/models_2/103/0.02_000564_30_mem_3_ltsm_1_dense_1_unit_64.h5
c000564,103,0.02,7.78,0.05,9.94,/kaggle/working/models_2/103/0.02_000564_31_mem_3_ltsm_1_dense_1_unit_64.h5
c000564,103,0.02,8.25,0.06,10.68,/kaggle/working/models_2/103/0.02_000564_32_mem_3_ltsm_1_dense_1_unit_64.h5
c600654,103,0.25,8.6,0.8,8.76,/kaggle/working/models_2/103/0.25_600654_33_mem_3_ltsm_1_dense_1_unit_64.h5
c000587,103,0.18,13.2,0.22,17.59,/kaggle/working/models_2/103/0.18_000587_39_mem_3_ltsm_1_dense_1_unit_64.h5
c600714,103,0.76,6.86,0.17,3.74,/kaggle/working/models_2/103/0.76_600714_28_mem_3_ltsm_1_dense_1_unit_64.h5
c600714,103,0.76,7.6,0.17,3.85,/kaggle/working/models_2/103/0.76_600714_29_mem_3_ltsm_1_dense_1_unit_64.h5
c600804,103,0.73,72.46,0.52,9.07,/kaggle/working/models_2/103/0.73_600804_38_mem_3_ltsm_1_dense_1_unit_64.h5
c002655,103,0.93,7.32,0.45,5.52,/kaggle/working/models_2/103/0.93_002655_51_mem_3_ltsm_1_dense_1_unit_64.h5
c600698,103,0.26,6.99,0.05,6.0,/kaggle/working/models_2/103/0.26_600698_32_mem_3_ltsm_1_dense_1_unit_64.h5
c603970,103,3.42,9.14,61.32,25.72,/kaggle/working/models_2/103/3.42_603970_92_mem_3_ltsm_1_dense_1_unit_64.h5
c605138,103,0.76,5.99,52.83,53.96,/kaggle/working/models_2/103/0.76_605138_48_mem_3_ltsm_1_dense_1_unit_64.h5
c002740,103,5.59,15.66,1.2,29.08,/kaggle/working/models_2/103/5.59_002740_15_mem_3_ltsm_1_dense_1_unit_64.h5
c002113,103,0.07,8.78,0.03,10.24,/kaggle/working/models_2/103/0.07_002113_73_mem_3_ltsm_1_dense_1_unit_64.h5
c002113,103,0.07,8.04,0.02,8.65,/kaggle/working/models_2/103/0.07_002113_74_mem_3_ltsm_1_dense_1_unit_64.h5
c600081,103,0.85,11.59,0.94,8.02,/kaggle/working/models_2/103/0.85_600081_21_mem_3_ltsm_1_dense_1_unit_64.h5
c000014,103,0.45,10.08,0.13,2.99,/kaggle/working/models_2/103/0.45_000014_22_mem_3_ltsm_1_dense_1_unit_64.h5
c605589,103,33.95,20.7,41.41,21.15,/kaggle/working/models_2/103/33.95_605589_41_mem_3_ltsm_1_dense_1_unit_64.h5
c002380,103,11.03,13.61,21.44,21.27,/kaggle/working/models_2/103/11.03_002380_14_mem_3_ltsm_1_dense_1_unit_64.h5
c002050,103,0.96,83.88,99.87,40.44,/kaggle/working/models_2/103/0.96_002050_09_mem_3_ltsm_1_dense_1_unit_64.h5
c002077,103,0.84,8.29,4.05,11.37,/kaggle/working/models_2/103/0.84_002077_28_mem_3_ltsm_1_dense_1_unit_64.h5
c605133,103,21.76,18.28,320.46,50.42,/kaggle/working/models_2/103/21.76_605133_33_mem_3_ltsm_1_dense_1_unit_64.h5
c000732,103,0.35,13.14,1.67,41.02,/kaggle/working/models_2/103/0.35_000732_21_mem_3_ltsm_1_dense_1_unit_64.h5
c000732,103,0.35,13.58,1.23,37.44,/kaggle/working/models_2/103/0.35_000732_27_mem_3_ltsm_1_dense_1_unit_64.h5
c000732,103,0.35,13.1,1.29,38.91,/kaggle/working/models_2/103/0.35_000732_28_mem_3_ltsm_1_dense_1_unit_64.h5
c601238,103,0.68,9.13,1.88,8.38,/kaggle/working/models_2/103/0.68_601238_60_mem_3_ltsm_1_dense_1_unit_64.h5
c600898,103,0.63,7.73,0.15,4.49,/kaggle/working/models_2/103/0.63_600898_35_mem_3_ltsm_1_dense_1_unit_64.h5
c002751,103,505.98,51.35,680.73,265.79,/kaggle/working/models_2/103/505.98_002751_13_mem_3_ltsm_1_dense_1_unit_64.h5
c002290,103,1.78,7.03,1.44,12.27,/kaggle/working/models_2/103/1.78_002290_34_mem_3_ltsm_1_dense_1_unit_64.h5
c603035,103,0.85,5.31,8.36,12.55,/kaggle/working/models_2/103/0.85_603035_85_mem_3_ltsm_1_dense_1_unit_64.h5
c603786,103,136.55,15.37,56.85,10.09,/kaggle/working/models_2/103/136.55_603786_41_mem_3_ltsm_1_dense_1_unit_64.h5
c605378,103,14.01,12.26,13.78,15.25,/kaggle/working/models_2/103/14.01_605378_24_mem_3_ltsm_1_dense_1_unit_64.h5
c002426,103,0.17,10.0,0.07,8.17,/kaggle/working/models_2/103/0.17_002426_31_mem_3_ltsm_1_dense_1_unit_64.h5
c603189,103,1.82,6.49,1.18,6.71,/kaggle/working/models_2/103/1.82_603189_66_mem_3_ltsm_1_dense_1_unit_64.h5
c002122,103,1.56,14.04,0.45,27.96,/kaggle/working/models_2/103/1.56_002122_13_mem_3_ltsm_1_dense_1_unit_64.h5
c000980,103,0.4,7.78,0.94,25.2,/kaggle/working/models_2/103/0.40_000980_13_mem_3_ltsm_1_dense_1_unit_64.h5
c002549,103,1.16,13.37,33.57,32.47,/kaggle/working/models_2/103/1.16_002549_17_mem_3_ltsm_1_dense_1_unit_64.h5
c002928,103,2.87,13.75,12.29,23.6,/kaggle/working/models_2/103/2.87_002928_12_mem_3_ltsm_1_dense_1_unit_64.h5
c002076,103,0.09,6.75,0.1,17.0,/kaggle/working/models_2/103/0.09_002076_66_mem_3_ltsm_1_dense_1_unit_64.h5
c002087,103,0.12,7.34,0.02,3.36,/kaggle/working/models_2/103/0.12_002087_33_mem_3_ltsm_1_dense_1_unit_64.h5
c002087,103,0.12,7.51,0.02,3.09,/kaggle/working/models_2/103/0.12_002087_38_mem_3_ltsm_1_dense_1_unit_64.h5
c603885,103,6.02,13.08,3.19,9.8,/kaggle/working/models_2/103/6.02_603885_16_mem_3_ltsm_1_dense_1_unit_64.h5
c002126,103,0.24,8.45,3.99,13.88,/kaggle/working/models_2/103/0.24_002126_38_mem_3_ltsm_1_dense_1_unit_64.h5
c002126,103,0.24,8.59,2.89,10.38,/kaggle/working/models_2/103/0.24_002126_54_mem_3_ltsm_1_dense_1_unit_64.h5
c002126,103,0.24,7.96,4.02,13.64,/kaggle/working/models_2/103/0.24_002126_55_mem_3_ltsm_1_dense_1_unit_64.h5
c002265,103,1.25,7.83,4.75,6.83,/kaggle/working/models_2/103/1.25_002265_22_mem_3_ltsm_1_dense_1_unit_64.h5
c605368,103,1.32,6.82,0.41,3.82,/kaggle/working/models_2/103/1.32_605368_32_mem_3_ltsm_1_dense_1_unit_64.h5
c600733,103,0.31,9.64,11.56,25.98,/kaggle/working/models_2/103/0.31_600733_21_mem_3_ltsm_1_dense_1_unit_64.h5
c601689,103,5.78,11.14,684.08,34.64,/kaggle/working/models_2/103/5.78_601689_47_mem_3_ltsm_1_dense_1_unit_64.h5
c002467,103,0.19,8.24,0.1,4.82,/kaggle/working/models_2/103/0.19_002467_35_mem_3_ltsm_1_dense_1_unit_64.h5
c600313,103,0.07,10.38,5.0,18.13,/kaggle/working/models_2/103/0.07_600313_43_mem_3_ltsm_1_dense_1_unit_64.h5
c600313,103,0.07,7.91,3.4,12.36,/kaggle/working/models_2/103/0.07_600313_44_mem_3_ltsm_1_dense_1_unit_64.h5
c002383,103,0.83,6.85,0.83,11.13,/kaggle/working/models_2/103/0.83_002383_63_mem_3_ltsm_1_dense_1_unit_64.h5
c601799,103,14.62,22.02,1292.06,15.73,/kaggle/working/models_2/103/14.62_601799_78_mem_3_ltsm_1_dense_1_unit_64.h5
c603197,103,66.02,21.75,1002.86,65.4,/kaggle/working/models_2/103/66.02_603197_14_mem_3_ltsm_1_dense_1_unit_64.h5
c000677,103,0.14,7.51,0.04,4.35,/kaggle/working/models_2/103/0.14_000677_38_mem_3_ltsm_1_dense_1_unit_64.h5
c600066,103,0.58,29.79,1.27,8.36,/kaggle/working/models_2/103/0.58_600066_45_mem_3_ltsm_1_dense_1_unit_64.h5
c000678,103,0.24,7.18,0.19,4.18,/kaggle/working/models_2/103/0.24_000678_25_mem_3_ltsm_1_dense_1_unit_64.h5
c000678,103,0.24,7.47,0.16,4.18,/kaggle/working/models_2/103/0.24_000678_26_mem_3_ltsm_1_dense_1_unit_64.h5
c000678,103,0.24,7.59,0.18,4.18,/kaggle/working/models_2/103/0.24_000678_34_mem_3_ltsm_1_dense_1_unit_64.h5
c600903,103,3.57,12.36,2.18,16.24,/kaggle/working/models_2/103/3.57_600903_27_mem_3_ltsm_1_dense_1_unit_64.h5
c000692,103,0.11,6.55,0.02,2.79,/kaggle/working/models_2/103/0.11_000692_43_mem_3_ltsm_1_dense_1_unit_64.h5
c000692,103,0.11,7.25,0.05,5.52,/kaggle/working/models_2/103/0.11_000692_46_mem_3_ltsm_1_dense_1_unit_64.h5
c000692,103,0.11,6.72,0.02,2.72,/kaggle/working/models_2/103/0.11_000692_50_mem_3_ltsm_1_dense_1_unit_64.h5
c603311,103,4.26,10.04,3.94,12.97,/kaggle/working/models_2/103/4.26_603311_33_mem_3_ltsm_1_dense_1_unit_64.h5
c000951,103,0.4,64.43,2.12,6.97,/kaggle/working/models_2/103/0.40_000951_37_mem_3_ltsm_1_dense_1_unit_64.h5
c600941,103,41.99,8.04,582.48,28.35,/kaggle/working/models_2/103/41.99_600941_95_mem_3_ltsm_1_dense_1_unit_64.h5
c600462,103,0.18,9.84,0.02,6.2,/kaggle/working/models_2/103/0.18_600462_38_mem_3_ltsm_1_dense_1_unit_64.h5
c600462,103,0.18,10.21,0.02,5.26,/kaggle/working/models_2/103/0.18_600462_40_mem_3_ltsm_1_dense_1_unit_64.h5
c600462,103,0.18,8.58,0.03,7.27,/kaggle/working/models_2/103/0.18_600462_42_mem_3_ltsm_1_dense_1_unit_64.h5
c600462,103,0.18,9.0,0.02,5.69,/kaggle/working/models_2/103/0.18_600462_43_mem_3_ltsm_1_dense_1_unit_64.h5
c603855,103,1.18,8.08,4.04,7.71,/kaggle/working/models_2/103/1.18_603855_61_mem_3_ltsm_1_dense_1_unit_64.h5
c600116,103,0.1,45.58,0.32,6.32,/kaggle/working/models_2/103/0.10_600116_30_mem_3_ltsm_1_dense_1_unit_64.h5
c603393,103,14.77,15.23,4.39,8.22,/kaggle/working/models_2/103/14.77_603393_27_mem_3_ltsm_1_dense_1_unit_64.h5
c600633,103,0.47,9.7,0.27,4.34,/kaggle/working/models_2/103/0.47_600633_59_mem_3_ltsm_1_dense_1_unit_64.h5
c603348,103,91.23,29.59,2562.67,80.39,/kaggle/working/models_2/103/91.23_603348_11_mem_3_ltsm_1_dense_1_unit_64.h5
c603297,103,687.72,38.22,3707.88,58.14,/kaggle/working/models_2/103/687.72_603297_26_mem_3_ltsm_1_dense_1_unit_64.h5
c600152,103,0.35,7.7,0.28,3.32,/kaggle/working/models_2/103/0.35_600152_32_mem_3_ltsm_1_dense_1_unit_64.h5
c603757,103,11.18,17.56,23.74,17.72,/kaggle/working/models_2/103/11.18_603757_15_mem_3_ltsm_1_dense_1_unit_64.h5
c002535,103,1.09,13.29,0.22,17.47,/kaggle/working/models_2/103/1.09_002535_14_mem_3_ltsm_1_dense_1_unit_64.h5
c605100,103,4.93,10.03,50.9,51.05,/kaggle/working/models_2/103/4.93_605100_28_mem_3_ltsm_1_dense_1_unit_64.h5
c600661,103,1.17,7.25,0.51,3.58,/kaggle/working/models_2/103/1.17_600661_57_mem_3_ltsm_1_dense_1_unit_64.h5
c603166,103,1.36,9.46,0.83,9.24,/kaggle/working/models_2/103/1.36_603166_41_mem_3_ltsm_1_dense_1_unit_64.h5
c002454,103,0.4,7.57,1.08,8.17,/kaggle/working/models_2/103/0.40_002454_53_mem_3_ltsm_1_dense_1_unit_64.h5
c601728,103,0.24,10.61,2.77,29.93,/kaggle/working/models_2/103/0.24_601728_23_mem_3_ltsm_1_dense_1_unit_64.h5
c603356,103,1.84,8.29,2.26,8.87,/kaggle/working/models_2/103/1.84_603356_45_mem_3_ltsm_1_dense_1_unit_64.h5
c002897,103,61.33,20.69,1194.83,60.48,/kaggle/working/models_2/103/61.33_002897_44_mem_3_ltsm_1_dense_1_unit_64.h5
c000407,103,0.2,8.99,0.11,6.64,/kaggle/working/models_2/103/0.20_000407_18_mem_3_ltsm_1_dense_1_unit_64.h5
c000407,103,0.2,8.77,0.1,5.41,/kaggle/working/models_2/103/0.20_000407_25_mem_3_ltsm_1_dense_1_unit_64.h5
c600532,103,0.72,8.81,2.11,10.22,/kaggle/working/models_2/103/0.72_600532_28_mem_3_ltsm_1_dense_1_unit_64.h5
c601456,103,1.38,6.27,3.47,13.34,/kaggle/working/models_2/103/1.38_601456_53_mem_3_ltsm_1_dense_1_unit_64.h5
c000058,103,0.48,7.7,0.11,3.19,/kaggle/working/models_2/103/0.48_000058_34_mem_3_ltsm_1_dense_1_unit_64.h5
c600118,103,2.8,14.13,6.33,8.75,/kaggle/working/models_2/103/2.80_600118_16_mem_3_ltsm_1_dense_1_unit_64.h5
c002322,103,0.9,6.64,0.07,2.38,/kaggle/working/models_2/103/0.90_002322_57_mem_3_ltsm_1_dense_1_unit_64.h5
c002715,103,2.74,8.17,0.93,5.98,/kaggle/working/models_2/103/2.74_002715_76_mem_3_ltsm_1_dense_1_unit_64.h5
c600609,103,0.14,6.5,0.04,3.49,/kaggle/working/models_2/103/0.14_600609_35_mem_3_ltsm_1_dense_1_unit_64.h5
c603778,103,1.24,13.75,2.24,21.38,/kaggle/working/models_2/103/1.24_603778_11_mem_3_ltsm_1_dense_1_unit_64.h5
c600393,103,0.11,7.76,0.08,9.67,/kaggle/working/models_2/103/0.11_600393_30_mem_3_ltsm_1_dense_1_unit_64.h5
c600393,103,0.11,7.32,0.12,10.01,/kaggle/working/models_2/103/0.11_600393_34_mem_3_ltsm_1_dense_1_unit_64.h5
c601058,103,0.05,7.39,29.18,47.34,/kaggle/working/models_2/103/0.05_601058_57_mem_3_ltsm_1_dense_1_unit_64.h5
c002683,103,10.04,16.67,214.37,53.15,/kaggle/working/models_2/103/10.04_002683_18_mem_3_ltsm_1_dense_1_unit_64.h5
c001267,103,0.81,12.44,10.88,40.41,/kaggle/working/models_2/103/0.81_001267_30_mem_3_ltsm_1_dense_1_unit_64.h5
c002594,103,17.63,7.44,34142.32,67.72,/kaggle/working/models_2/103/17.63_002594_94_mem_3_ltsm_1_dense_1_unit_64.h5
c002358,103,1.21,8.64,0.59,21.85,/kaggle/working/models_2/103/1.21_002358_30_mem_3_ltsm_1_dense_1_unit_64.h5
c002458,103,0.56,9.79,0.62,6.14,/kaggle/working/models_2/103/0.56_002458_47_mem_3_ltsm_1_dense_1_unit_64.h5
c000700,103,0.12,12.28,0.94,6.72,/kaggle/working/models_2/103/0.12_000700_25_mem_3_ltsm_1_dense_1_unit_64.h5
c000700,103,0.12,12.5,0.74,7.38,/kaggle/working/models_2/103/0.12_000700_28_mem_3_ltsm_1_dense_1_unit_64.h5
c000700,103,0.12,13.2,0.93,6.1,/kaggle/working/models_2/103/0.12_000700_29_mem_3_ltsm_1_dense_1_unit_64.h5
c000762,103,1.01,7.95,148.36,14.42,/kaggle/working/models_2/103/1.01_000762_56_mem_3_ltsm_1_dense_1_unit_64.h5
c600560,103,0.52,9.29,0.11,2.96,/kaggle/working/models_2/103/0.52_600560_45_mem_3_ltsm_1_dense_1_unit_64.h5
c002313,103,4.61,9.38,18.0,49.72,/kaggle/working/models_2/103/4.61_002313_18_mem_3_ltsm_1_dense_1_unit_64.h5
c603158,103,1.25,8.9,6.29,24.75,/kaggle/working/models_2/103/1.25_603158_44_mem_3_ltsm_1_dense_1_unit_64.h5
c000572,103,0.25,7.89,0.09,8.13,/kaggle/working/models_2/103/0.25_000572_43_mem_3_ltsm_1_dense_1_unit_64.h5
c002920,103,82.73,11.66,959.52,15.68,/kaggle/working/models_2/103/82.73_002920_72_mem_3_ltsm_1_dense_1_unit_64.h5
c002863,103,0.89,11.78,1.13,12.48,/kaggle/working/models_2/103/0.89_002863_20_mem_3_ltsm_1_dense_1_unit_64.h5
c000978,103,0.63,7.54,1.21,13.61,/kaggle/working/models_2/103/0.63_000978_31_mem_3_ltsm_1_dense_1_unit_64.h5
c603080,103,5.18,11.42,1.93,8.18,/kaggle/working/models_2/103/5.18_603080_44_mem_3_ltsm_1_dense_1_unit_64.h5
c603318,103,4.69,10.6,1.6,10.13,/kaggle/working/models_2/103/4.69_603318_33_mem_3_ltsm_1_dense_1_unit_64.h5
c002460,103,1.67,18.12,2692.7,47.2,/kaggle/working/models_2/103/1.67_002460_75_mem_3_ltsm_1_dense_1_unit_64.h5
c002174,103,18.64,24.63,58.63,55.94,/kaggle/working/models_2/103/18.64_002174_09_mem_3_ltsm_1_dense_1_unit_64.h5
c601279,103,0.75,10.01,0.24,7.86,/kaggle/working/models_2/103/0.75_601279_19_mem_3_ltsm_1_dense_1_unit_64.h5
c600138,103,0.71,8.52,0.39,3.63,/kaggle/working/models_2/103/0.71_600138_37_mem_3_ltsm_1_dense_1_unit_64.h5
c002873,103,0.59,6.4,5.22,13.03,/kaggle/working/models_2/103/0.59_002873_70_mem_3_ltsm_1_dense_1_unit_64.h5
c600166,103,0.05,19.08,0.07,7.48,/kaggle/working/models_2/103/0.05_600166_30_mem_3_ltsm_1_dense_1_unit_64.h5
c600166,103,0.05,21.82,0.03,4.34,/kaggle/working/models_2/103/0.05_600166_37_mem_3_ltsm_1_dense_1_unit_64.h5
c600166,103,0.05,19.45,0.08,7.65,/kaggle/working/models_2/103/0.05_600166_39_mem_3_ltsm_1_dense_1_unit_64.h5
c605086,103,8.18,12.3,2.75,7.33,/kaggle/working/models_2/103/8.18_605086_29_mem_3_ltsm_1_dense_1_unit_64.h5
c002177,103,0.23,7.59,0.4,10.91,/kaggle/working/models_2/103/0.23_002177_50_mem_3_ltsm_1_dense_1_unit_64.h5
c002177,103,0.23,6.8,0.5,9.2,/kaggle/working/models_2/103/0.23_002177_63_mem_3_ltsm_1_dense_1_unit_64.h5
c002766,103,3.45,19.8,3.21,27.96,/kaggle/working/models_2/103/3.45_002766_21_mem_3_ltsm_1_dense_1_unit_64.h5
c600335,103,0.43,23.16,0.79,9.55,/kaggle/working/models_2/103/0.43_600335_28_mem_3_ltsm_1_dense_1_unit_64.h5
c000524,103,0.38,8.02,0.14,3.37,/kaggle/working/models_2/103/0.38_000524_34_mem_3_ltsm_1_dense_1_unit_64.h5
c002472,103,1.08,10.98,177.3,43.75,/kaggle/working/models_2/103/1.08_002472_18_mem_3_ltsm_1_dense_1_unit_64.h5
c002976,103,8.96,9.48,17.7,15.22,/kaggle/working/models_2/103/8.96_002976_28_mem_3_ltsm_1_dense_1_unit_64.h5
c000065,103,0.23,7.42,0.45,8.07,/kaggle/working/models_2/103/0.23_000065_53_mem_3_ltsm_1_dense_1_unit_64.h5
c600104,103,1.12,47.83,4.28,9.27,/kaggle/working/models_2/103/1.12_600104_27_mem_3_ltsm_1_dense_1_unit_64.h5
c603239,103,5.55,10.84,10.99,21.12,/kaggle/working/models_2/103/5.55_603239_18_mem_3_ltsm_1_dense_1_unit_64.h5
c002267,103,0.45,7.39,0.13,5.13,/kaggle/working/models_2/103/0.45_002267_38_mem_3_ltsm_1_dense_1_unit_64.h5
c603040,103,3.95,8.32,1.81,6.55,/kaggle/working/models_2/103/3.95_603040_67_mem_3_ltsm_1_dense_1_unit_64.h5
c002643,103,0.88,10.54,3.81,7.08,/kaggle/working/models_2/103/0.88_002643_33_mem_3_ltsm_1_dense_1_unit_64.h5
c002309,103,3.26,11.14,6.12,33.12,/kaggle/working/models_2/103/3.26_002309_19_mem_3_ltsm_1_dense_1_unit_64.h5
c002284,103,0.56,7.79,0.34,7.38,/kaggle/working/models_2/103/0.56_002284_50_mem_3_ltsm_1_dense_1_unit_64.h5
c603595,103,11.56,8.15,214.54,22.81,/kaggle/working/models_2/103/11.56_603595_99_mem_3_ltsm_1_dense_1_unit_64.h5
c601966,103,20.93,13.24,99.86,41.28,/kaggle/working/models_2/103/20.93_601966_20_mem_3_ltsm_1_dense_1_unit_64.h5
c002011,103,0.51,10.45,1.08,16.05,/kaggle/working/models_2/103/0.51_002011_49_mem_3_ltsm_1_dense_1_unit_64.h5
c603013,103,3.27,10.17,2.39,8.86,/kaggle/working/models_2/103/3.27_603013_17_mem_3_ltsm_1_dense_1_unit_64.h5
c000586,103,0.76,8.08,0.52,3.79,/kaggle/working/models_2/103/0.76_000586_27_mem_3_ltsm_1_dense_1_unit_64.h5
c600115,103,0.2,7.23,0.08,4.71,/kaggle/working/models_2/103/0.20_600115_34_mem_3_ltsm_1_dense_1_unit_64.h5
c601021,103,85.47,19.13,128.35,17.71,/kaggle/working/models_2/103/85.47_601021_11_mem_3_ltsm_1_dense_1_unit_64.h5
c603121,103,2.41,11.3,0.62,10.44,/kaggle/working/models_2/103/2.41_603121_19_mem_3_ltsm_1_dense_1_unit_64.h5
c000526,103,1.63,10.83,34.38,16.11,/kaggle/working/models_2/103/1.63_000526_34_mem_3_ltsm_1_dense_1_unit_64.h5
c002459,103,0.63,7.53,2485.23,77.31,/kaggle/working/models_2/103/0.63_002459_91_mem_3_ltsm_1_dense_1_unit_64.h5
c002836,103,2.49,9.44,2.02,13.55,/kaggle/working/models_2/103/2.49_002836_20_mem_3_ltsm_1_dense_1_unit_64.h5
c000701,103,0.71,7.34,0.1,4.16,/kaggle/working/models_2/103/0.71_000701_37_mem_3_ltsm_1_dense_1_unit_64.h5
c601777,103,0.63,8.89,0.61,9.95,/kaggle/working/models_2/103/0.63_601777_29_mem_3_ltsm_1_dense_1_unit_64.h5
c603117,103,0.82,8.41,0.16,11.34,/kaggle/working/models_2/103/0.82_603117_25_mem_3_ltsm_1_dense_1_unit_64.h5
c600348,103,0.77,30.22,2.28,9.96,/kaggle/working/models_2/103/0.77_600348_19_mem_3_ltsm_1_dense_1_unit_64.h5
c600339,103,0.3,7.49,0.29,16.96,/kaggle/working/models_2/103/0.30_600339_37_mem_3_ltsm_1_dense_1_unit_64.h5
c002211,103,1.42,12.56,1.05,25.82,/kaggle/working/models_2/103/1.42_002211_12_mem_3_ltsm_1_dense_1_unit_64.h5
c600742,103,0.18,64.75,0.62,7.32,/kaggle/working/models_2/103/0.18_600742_19_mem_3_ltsm_1_dense_1_unit_64.h5
c002756,103,10.72,11.58,822.19,17.76,/kaggle/working/models_2/103/10.72_002756_97_mem_3_ltsm_1_dense_1_unit_64.h5
c603767,103,1.02,11.64,2.76,18.27,/kaggle/working/models_2/103/1.02_603767_19_mem_3_ltsm_1_dense_1_unit_64.h5
c002870,103,32.82,19.07,78.67,26.87,/kaggle/working/models_2/103/32.82_002870_17_mem_3_ltsm_1_dense_1_unit_64.h5
c002662,103,0.17,6.98,0.07,5.96,/kaggle/working/models_2/103/0.17_002662_73_mem_3_ltsm_1_dense_1_unit_64.h5
c000534,103,0.3,15.57,0.49,3.61,/kaggle/working/models_2/103/0.30_000534_21_mem_3_ltsm_1_dense_1_unit_64.h5
c600258,103,1.33,10.43,8.33,11.08,/kaggle/working/models_2/103/1.33_600258_30_mem_3_ltsm_1_dense_1_unit_64.h5
c603106,103,0.76,9.63,0.4,10.04,/kaggle/working/models_2/103/0.76_603106_30_mem_3_ltsm_1_dense_1_unit_64.h5
c600586,103,0.15,9.33,1.92,11.81,/kaggle/working/models_2/103/0.15_600586_25_mem_3_ltsm_1_dense_1_unit_64.h5
c603053,103,1.51,9.02,0.19,3.71,/kaggle/working/models_2/103/1.51_603053_24_mem_3_ltsm_1_dense_1_unit_64.h5
c000040,103,0.32,7.55,0.4,11.27,/kaggle/working/models_2/103/0.32_000040_27_mem_3_ltsm_1_dense_1_unit_64.h5
c000040,103,0.32,7.72,0.29,9.9,/kaggle/working/models_2/103/0.32_000040_28_mem_3_ltsm_1_dense_1_unit_64.h5
c600256,103,0.12,8.28,0.47,6.12,/kaggle/working/models_2/103/0.12_600256_52_mem_3_ltsm_1_dense_1_unit_64.h5
c002536,103,0.37,8.45,0.84,8.83,/kaggle/working/models_2/103/0.37_002536_32_mem_3_ltsm_1_dense_1_unit_64.h5
c000576,103,0.37,9.1,1.35,7.33,/kaggle/working/models_2/103/0.37_000576_36_mem_3_ltsm_1_dense_1_unit_64.h5
c600242,103,0.71,8.73,0.62,11.96,/kaggle/working/models_2/103/0.71_600242_27_mem_3_ltsm_1_dense_1_unit_64.h5
c002485,103,0.63,7.8,0.6,19.41,/kaggle/working/models_2/103/0.63_002485_31_mem_3_ltsm_1_dense_1_unit_64.h5
c002553,103,0.38,8.06,0.43,4.21,/kaggle/working/models_2/103/0.38_002553_34_mem_3_ltsm_1_dense_1_unit_64.h5
c000670,103,0.27,9.69,3.53,20.96,/kaggle/working/models_2/103/0.27_000670_44_mem_3_ltsm_1_dense_1_unit_64.h5
c601111,103,0.59,6.63,0.22,5.1,/kaggle/working/models_2/103/0.59_601111_51_mem_3_ltsm_1_dense_1_unit_64.h5
c003033,103,15.51,12.45,531.55,44.15,/kaggle/working/models_2/103/15.51_003033_35_mem_3_ltsm_1_dense_1_unit_64.h5
c002116,103,0.44,10.92,0.16,4.3,/kaggle/working/models_2/103/0.44_002116_59_mem_3_ltsm_1_dense_1_unit_64.h5
c000521,103,0.12,6.55,0.1,5.45,/kaggle/working/models_2/103/0.12_000521_42_mem_3_ltsm_1_dense_1_unit_64.h5
c600617,103,0.42,8.41,0.26,8.51,/kaggle/working/models_2/103/0.42_600617_31_mem_3_ltsm_1_dense_1_unit_64.h5
c000968,103,0.92,7.06,0.7,6.22,/kaggle/working/models_2/103/0.92_000968_38_mem_3_ltsm_1_dense_1_unit_64.h5
c002014,103,0.1,16.11,0.11,3.91,/kaggle/working/models_2/103/0.10_002014_60_mem_3_ltsm_1_dense_1_unit_64.h5
c601001,103,0.89,8.17,0.44,5.8,/kaggle/working/models_2/103/0.89_601001_31_mem_3_ltsm_1_dense_1_unit_64.h5
c605117,103,8520.0,23.33,95979.98,86.54,/kaggle/working/models_2/103/8520.00_605117_91_mem_3_ltsm_1_dense_1_unit_64.h5
c600557,103,0.91,13.18,0.71,4.1,/kaggle/working/models_2/103/0.91_600557_49_mem_3_ltsm_1_dense_1_unit_64.h5
c605208,103,4.99,12.13,4.47,13.51,/kaggle/working/models_2/103/4.99_605208_29_mem_3_ltsm_1_dense_1_unit_64.h5
c002556,103,0.42,7.94,0.24,3.61,/kaggle/working/models_2/103/0.42_002556_59_mem_3_ltsm_1_dense_1_unit_64.h5
c601699,103,0.73,11.92,0.2,4.83,/kaggle/working/models_2/103/0.73_601699_41_mem_3_ltsm_1_dense_1_unit_64.h5
c002930,103,16.71,23.95,19.5,19.36,/kaggle/working/models_2/103/16.71_002930_18_mem_3_ltsm_1_dense_1_unit_64.h5
c600660,103,0.61,65.74,281.6,37.62,/kaggle/working/models_2/103/0.61_600660_19_mem_3_ltsm_1_dense_1_unit_64.h5
c605018,103,3.56,10.11,11.06,30.02,/kaggle/working/models_2/103/3.56_605018_38_mem_3_ltsm_1_dense_1_unit_64.h5
c605068,103,25.51,15.61,7.2,9.14,/kaggle/working/models_2/103/25.51_605068_51_mem_3_ltsm_1_dense_1_unit_64.h5
c000035,103,0.16,11.78,0.32,8.44,/kaggle/working/models_2/103/0.16_000035_27_mem_3_ltsm_1_dense_1_unit_64.h5
c603768,103,7.08,17.18,22.93,19.65,/kaggle/working/models_2/103/7.08_603768_15_mem_3_ltsm_1_dense_1_unit_64.h5
c002128,103,3.39,17.88,5.22,14.57,/kaggle/working/models_2/103/3.39_002128_14_mem_3_ltsm_1_dense_1_unit_64.h5
c000806,103,0.32,8.51,0.13,10.01,/kaggle/working/models_2/103/0.32_000806_28_mem_3_ltsm_1_dense_1_unit_64.h5
c603392,103,922.21,19.61,243.07,10.17,/kaggle/working/models_2/103/922.21_603392_74_mem_3_ltsm_1_dense_1_unit_64.h5
c002041,103,0.77,10.54,13.13,15.79,/kaggle/working/models_2/103/0.77_002041_25_mem_3_ltsm_1_dense_1_unit_64.h5
c000801,103,0.26,8.66,0.59,11.55,/kaggle/working/models_2/103/0.26_000801_37_mem_3_ltsm_1_dense_1_unit_64.h5
c600755,103,0.12,33.58,0.06,3.02,/kaggle/working/models_2/103/0.12_600755_32_mem_3_ltsm_1_dense_1_unit_64.h5
c600916,103,2.39,9.44,3.81,12.24,/kaggle/working/models_2/103/2.39_600916_31_mem_3_ltsm_1_dense_1_unit_64.h5
c000153,103,0.42,8.05,0.23,3.46,/kaggle/working/models_2/103/0.42_000153_30_mem_3_ltsm_1_dense_1_unit_64.h5
c600318,103,0.37,9.9,1.43,9.68,/kaggle/working/models_2/103/0.37_600318_37_mem_3_ltsm_1_dense_1_unit_64.h5
c002648,103,0.15,8.46,138.79,60.46,/kaggle/working/models_2/103/0.15_002648_34_mem_3_ltsm_1_dense_1_unit_64.h5
c603319,103,4.36,11.67,10.84,17.41,/kaggle/working/models_2/103/4.36_603319_21_mem_3_ltsm_1_dense_1_unit_64.h5
c000753,103,0.05,5.81,0.01,2.13,/kaggle/working/models_2/103/0.05_000753_81_mem_3_ltsm_1_dense_1_unit_64.h5
c603637,103,2.11,11.22,25.1,53.36,/kaggle/working/models_2/103/2.11_603637_13_mem_3_ltsm_1_dense_1_unit_64.h5
c000037,103,0.27,7.67,1.32,5.94,/kaggle/working/models_2/103/0.27_000037_30_mem_3_ltsm_1_dense_1_unit_64.h5
c605090,103,3.47,6.85,23.88,17.84,/kaggle/working/models_2/103/3.47_605090_31_mem_3_ltsm_1_dense_1_unit_64.h5
c600960,103,0.24,7.9,0.31,13.62,/kaggle/working/models_2/103/0.24_600960_30_mem_3_ltsm_1_dense_1_unit_64.h5
c600057,103,0.14,13.85,0.31,5.39,/kaggle/working/models_2/103/0.14_600057_30_mem_3_ltsm_1_dense_1_unit_64.h5
c002321,103,1.28,11.04,2.58,52.09,/kaggle/working/models_2/103/1.28_002321_14_mem_3_ltsm_1_dense_1_unit_64.h5
c002164,103,0.28,6.32,0.09,4.04,/kaggle/working/models_2/103/0.28_002164_70_mem_3_ltsm_1_dense_1_unit_64.h5
c002531,103,0.43,11.65,82.52,52.73,/kaggle/working/models_2/103/0.43_002531_20_mem_3_ltsm_1_dense_1_unit_64.h5
c000589,103,0.12,6.89,0.02,2.95,/kaggle/working/models_2/103/0.12_000589_33_mem_3_ltsm_1_dense_1_unit_64.h5
c603758,103,2.04,13.55,6.83,21.88,/kaggle/working/models_2/103/2.04_603758_14_mem_3_ltsm_1_dense_1_unit_64.h5
c000887,103,0.59,17.19,0.81,5.81,/kaggle/working/models_2/103/0.59_000887_40_mem_3_ltsm_1_dense_1_unit_64.h5
c002245,103,0.24,9.83,45.37,24.17,/kaggle/working/models_2/103/0.24_002245_42_mem_3_ltsm_1_dense_1_unit_64.h5
c600271,103,1.61,24.49,0.8,5.77,/kaggle/working/models_2/103/1.61_600271_35_mem_3_ltsm_1_dense_1_unit_64.h5
c000669,103,0.55,10.35,0.48,21.26,/kaggle/working/models_2/103/0.55_000669_27_mem_3_ltsm_1_dense_1_unit_64.h5
c000713,103,0.16,7.69,0.7,9.39,/kaggle/working/models_2/103/0.16_000713_51_mem_3_ltsm_1_dense_1_unit_64.h5
c000713,103,0.16,7.31,0.87,9.38,/kaggle/working/models_2/103/0.16_000713_54_mem_3_ltsm_1_dense_1_unit_64.h5
c002514,103,0.39,8.91,4.95,20.61,/kaggle/working/models_2/103/0.39_002514_25_mem_3_ltsm_1_dense_1_unit_64.h5
c600148,103,1.4,8.3,0.87,4.21,/kaggle/working/models_2/103/1.40_600148_26_mem_3_ltsm_1_dense_1_unit_64.h5
c002868,103,1.9,7.88,305.53,26.35,/kaggle/working/models_2/103/1.90_002868_71_mem_3_ltsm_1_dense_1_unit_64.h5
c002909,103,0.86,11.09,17.84,29.5,/kaggle/working/models_2/103/0.86_002909_28_mem_3_ltsm_1_dense_1_unit_64.h5
c002765,103,0.95,10.35,4.42,19.71,/kaggle/working/models_2/103/0.95_002765_45_mem_3_ltsm_1_dense_1_unit_64.h5
c600375,103,0.64,8.95,0.25,5.33,/kaggle/working/models_2/103/0.64_600375_48_mem_3_ltsm_1_dense_1_unit_64.h5
c002283,103,0.26,7.86,0.66,9.52,/kaggle/working/models_2/103/0.26_002283_37_mem_3_ltsm_1_dense_1_unit_64.h5
c601000,103,0.04,13.58,0.01,2.8,/kaggle/working/models_2/103/0.04_601000_39_mem_3_ltsm_1_dense_1_unit_64.h5
c601000,103,0.04,13.21,0.01,2.32,/kaggle/working/models_2/103/0.04_601000_47_mem_3_ltsm_1_dense_1_unit_64.h5
c600705,103,0.13,19.12,0.14,7.9,/kaggle/working/models_2/103/0.13_600705_22_mem_3_ltsm_1_dense_1_unit_64.h5
c600433,103,0.27,13.26,0.05,4.25,/kaggle/working/models_2/103/0.27_600433_56_mem_3_ltsm_1_dense_1_unit_64.h5
c605088,103,6.78,10.98,13.78,18.51,/kaggle/working/models_2/103/6.78_605088_32_mem_3_ltsm_1_dense_1_unit_64.h5
c002612,103,1.44,8.4,85.4,12.34,/kaggle/working/models_2/103/1.44_002612_83_mem_3_ltsm_1_dense_1_unit_64.h5
c002723,103,1.08,7.21,1.65,6.37,/kaggle/working/models_2/103/1.08_002723_45_mem_3_ltsm_1_dense_1_unit_64.h5
c000571,103,0.22,7.0,0.08,7.87,/kaggle/working/models_2/103/0.22_000571_41_mem_3_ltsm_1_dense_1_unit_64.h5
c000571,103,0.22,7.32,0.03,3.92,/kaggle/working/models_2/103/0.22_000571_42_mem_3_ltsm_1_dense_1_unit_64.h5
c600029,103,0.25,7.42,0.04,2.28,/kaggle/working/models_2/103/0.25_600029_56_mem_3_ltsm_1_dense_1_unit_64.h5
c603580,103,1.11,7.01,1.34,6.37,/kaggle/working/models_2/103/1.11_603580_82_mem_3_ltsm_1_dense_1_unit_64.h5
c002962,103,4.2,11.15,28.9,34.37,/kaggle/working/models_2/103/4.20_002962_26_mem_3_ltsm_1_dense_1_unit_64.h5
c603619,103,8.69,14.55,17.56,19.81,/kaggle/working/models_2/103/8.69_603619_23_mem_3_ltsm_1_dense_1_unit_64.h5
c002738,103,2.36,7.96,1957.81,47.11,/kaggle/working/models_2/103/2.36_002738_90_mem_3_ltsm_1_dense_1_unit_64.h5
c002231,103,0.46,7.47,0.05,3.0,/kaggle/working/models_2/103/0.46_002231_70_mem_3_ltsm_1_dense_1_unit_64.h5
c600359,103,0.76,8.21,0.54,8.22,/kaggle/working/models_2/103/0.76_600359_24_mem_3_ltsm_1_dense_1_unit_64.h5
c000985,103,1.41,6.97,0.43,2.49,/kaggle/working/models_2/103/1.41_000985_50_mem_3_ltsm_1_dense_1_unit_64.h5
c603444,103,3853.43,12.08,3941.39,18.27,/kaggle/working/models_2/103/3853.43_603444_72_mem_3_ltsm_1_dense_1_unit_64.h5
c002466,103,5.64,9.72,2018.96,39.85,/kaggle/working/models_2/103/5.64_002466_88_mem_3_ltsm_1_dense_1_unit_64.h5
c600239,103,0.15,15.39,0.03,4.92,/kaggle/working/models_2/103/0.15_600239_21_mem_3_ltsm_1_dense_1_unit_64.h5
c603798,103,3.36,10.15,1.75,9.61,/kaggle/working/models_2/103/3.36_603798_17_mem_3_ltsm_1_dense_1_unit_64.h5
c600178,103,0.41,6.85,0.19,5.43,/kaggle/working/models_2/103/0.41_600178_30_mem_3_ltsm_1_dense_1_unit_64.h5
c002385,103,0.23,7.05,0.09,2.91,/kaggle/working/models_2/103/0.23_002385_46_mem_3_ltsm_1_dense_1_unit_64.h5
c600841,103,0.61,7.59,0.31,4.98,/kaggle/working/models_2/103/0.61_600841_19_mem_3_ltsm_1_dense_1_unit_64.h5
c600841,103,0.61,8.23,0.36,5.06,/kaggle/working/models_2/103/0.61_600841_25_mem_3_ltsm_1_dense_1_unit_64.h5
c002453,103,1.43,13.37,20.68,24.95,/kaggle/working/models_2/103/1.43_002453_13_mem_3_ltsm_1_dense_1_unit_64.h5
c002453,103,1.43,13.18,17.9,23.4,/kaggle/working/models_2/103/1.43_002453_14_mem_3_ltsm_1_dense_1_unit_64.h5
c600838,103,0.37,7.82,0.13,3.89,/kaggle/working/models_2/103/0.37_600838_24_mem_3_ltsm_1_dense_1_unit_64.h5
c002021,103,0.14,6.48,0.01,4.84,/kaggle/working/models_2/103/0.14_002021_70_mem_3_ltsm_1_dense_1_unit_64.h5
c603060,103,2.35,14.75,4.14,15.0,/kaggle/working/models_2/103/2.35_603060_15_mem_3_ltsm_1_dense_1_unit_64.h5
c600079,103,0.51,25.77,29.73,13.36,/kaggle/working/models_2/103/0.51_600079_40_mem_3_ltsm_1_dense_1_unit_64.h5
c002714,103,19.67,34.67,90.21,16.08,/kaggle/working/models_2/103/19.67_002714_25_mem_3_ltsm_1_dense_1_unit_64.h5
c002470,103,0.5,10.11,0.51,32.85,/kaggle/working/models_2/103/0.50_002470_21_mem_3_ltsm_1_dense_1_unit_64.h5
c600188,103,0.68,23.52,19.54,9.1,/kaggle/working/models_2/103/0.68_600188_43_mem_3_ltsm_1_dense_1_unit_64.h5
c600579,103,0.33,6.43,0.16,4.42,/kaggle/working/models_2/103/0.33_600579_73_mem_3_ltsm_1_dense_1_unit_64.h5
c002119,103,0.35,7.48,1.47,5.68,/kaggle/working/models_2/103/0.35_002119_69_mem_3_ltsm_1_dense_1_unit_64.h5
c600780,103,0.15,15.72,0.1,7.01,/kaggle/working/models_2/103/0.15_600780_24_mem_3_ltsm_1_dense_1_unit_64.h5
c603668,103,1.1,8.98,14.6,17.6,/kaggle/working/models_2/103/1.10_603668_47_mem_3_ltsm_1_dense_1_unit_64.h5
c600929,103,1.05,9.82,4.23,17.24,/kaggle/working/models_2/103/1.05_600929_15_mem_3_ltsm_1_dense_1_unit_64.h5
c603960,103,28.83,18.6,173.6,65.99,/kaggle/working/models_2/103/28.83_603960_16_mem_3_ltsm_1_dense_1_unit_64.h5
c000667,103,0.04,7.53,0.03,5.46,/kaggle/working/models_2/103/0.04_000667_32_mem_3_ltsm_1_dense_1_unit_64.h5
c002813,103,23.94,12.97,22.2,14.15,/kaggle/working/models_2/103/23.94_002813_30_mem_3_ltsm_1_dense_1_unit_64.h5
c601798,103,0.6,5.94,0.74,10.49,/kaggle/working/models_2/103/0.60_601798_75_mem_3_ltsm_1_dense_1_unit_64.h5
c603500,103,0.63,6.68,2.06,8.91,/kaggle/working/models_2/103/0.63_603500_73_mem_3_ltsm_1_dense_1_unit_64.h5
c002753,103,2.17,11.26,2.08,13.72,/kaggle/working/models_2/103/2.17_002753_36_mem_3_ltsm_1_dense_1_unit_64.h5
c600766,103,0.43,7.73,0.42,8.07,/kaggle/working/models_2/103/0.43_600766_33_mem_3_ltsm_1_dense_1_unit_64.h5
c002324,103,0.24,7.3,12.57,21.84,/kaggle/working/models_2/103/0.24_002324_48_mem_3_ltsm_1_dense_1_unit_64.h5
c601012,103,0.99,23.86,362.66,31.46,/kaggle/working/models_2/103/0.99_601012_29_mem_3_ltsm_1_dense_1_unit_64.h5
c002984,103,15.12,10.65,12.54,11.01,/kaggle/working/models_2/103/15.12_002984_23_mem_3_ltsm_1_dense_1_unit_64.h5
c600769,103,0.36,7.06,0.07,4.12,/kaggle/working/models_2/103/0.36_600769_43_mem_3_ltsm_1_dense_1_unit_64.h5
c603826,103,9.78,12.0,318.16,27.8,/kaggle/working/models_2/103/9.78_603826_24_mem_3_ltsm_1_dense_1_unit_64.h5
c002031,103,0.03,7.5,0.07,6.37,/kaggle/working/models_2/103/0.03_002031_53_mem_3_ltsm_1_dense_1_unit_64.h5
c000920,103,0.56,7.93,0.12,3.83,/kaggle/working/models_2/103/0.56_000920_43_mem_3_ltsm_1_dense_1_unit_64.h5
c600741,103,0.57,49.63,19.0,16.34,/kaggle/working/models_2/103/0.57_600741_23_mem_3_ltsm_1_dense_1_unit_64.h5
c002176,103,0.33,8.79,27.02,23.1,/kaggle/working/models_2/103/0.33_002176_46_mem_3_ltsm_1_dense_1_unit_64.h5
c600132,103,1.92,23.67,2052.31,26.95,/kaggle/working/models_2/103/1.92_600132_54_mem_3_ltsm_1_dense_1_unit_64.h5
c000565,103,0.22,11.89,0.08,3.61,/kaggle/working/models_2/103/0.22_000565_37_mem_3_ltsm_1_dense_1_unit_64.h5
c600390,103,0.49,15.05,0.43,8.75,/kaggle/working/models_2/103/0.49_600390_13_mem_3_ltsm_1_dense_1_unit_64.h5
c600469,103,0.28,8.06,0.06,3.46,/kaggle/working/models_2/103/0.28_600469_45_mem_3_ltsm_1_dense_1_unit_64.h5
c000559,103,0.19,27.4,0.05,3.02,/kaggle/working/models_2/103/0.19_000559_24_mem_3_ltsm_1_dense_1_unit_64.h5
c603659,103,32.76,13.5,254.8,24.9,/kaggle/working/models_2/103/32.76_603659_48_mem_3_ltsm_1_dense_1_unit_64.h5
c600333,103,0.27,5.77,0.05,3.45,/kaggle/working/models_2/103/0.27_600333_51_mem_3_ltsm_1_dense_1_unit_64.h5
c000599,103,0.21,6.95,0.03,3.34,/kaggle/working/models_2/103/0.21_000599_28_mem_3_ltsm_1_dense_1_unit_64.h5
c002182,103,0.23,6.71,40.07,25.85,/kaggle/working/models_2/103/0.23_002182_59_mem_3_ltsm_1_dense_1_unit_64.h5
c002645,103,0.53,7.77,30.13,23.25,/kaggle/working/models_2/103/0.53_002645_52_mem_3_ltsm_1_dense_1_unit_64.h5
c002196,103,0.7,8.76,3.98,18.88,/kaggle/working/models_2/103/0.70_002196_34_mem_3_ltsm_1_dense_1_unit_64.h5
c601865,103,42.94,16.66,39.22,15.5,/kaggle/working/models_2/103/42.94_601865_28_mem_3_ltsm_1_dense_1_unit_64.h5
c002666,103,0.37,8.25,0.3,8.23,/kaggle/working/models_2/103/0.37_002666_31_mem_3_ltsm_1_dense_1_unit_64.h5
c002857,103,4.1,11.0,3.17,10.15,/kaggle/working/models_2/103/4.10_002857_15_mem_3_ltsm_1_dense_1_unit_64.h5
c603607,103,4.13,10.21,0.7,5.28,/kaggle/working/models_2/103/4.13_603607_18_mem_3_ltsm_1_dense_1_unit_64.h5
c603607,103,4.13,10.64,0.72,5.35,/kaggle/working/models_2/103/4.13_603607_19_mem_3_ltsm_1_dense_1_unit_64.h5
c002896,103,1.84,6.27,35.89,11.51,/kaggle/working/models_2/103/1.84_002896_91_mem_3_ltsm_1_dense_1_unit_64.h5
c000030,103,0.13,17.65,0.03,2.73,/kaggle/working/models_2/103/0.13_000030_53_mem_3_ltsm_1_dense_1_unit_64.h5
c603505,103,3.57,12.37,95.21,25.36,/kaggle/working/models_2/103/3.57_603505_34_mem_3_ltsm_1_dense_1_unit_64.h5
c000045,103,0.49,7.6,0.11,3.07,/kaggle/working/models_2/103/0.49_000045_29_mem_3_ltsm_1_dense_1_unit_64.h5
c002274,103,0.75,14.02,9.13,25.43,/kaggle/working/models_2/103/0.75_002274_12_mem_3_ltsm_1_dense_1_unit_64.h5
c603069,103,2.8,9.87,7.81,10.69,/kaggle/working/models_2/103/2.80_603069_57_mem_3_ltsm_1_dense_1_unit_64.h5
c002151,103,2.98,8.81,86.14,16.52,/kaggle/working/models_2/103/2.98_002151_48_mem_3_ltsm_1_dense_1_unit_64.h5
c002048,103,0.98,16.72,1.43,7.16,/kaggle/working/models_2/103/0.98_002048_35_mem_3_ltsm_1_dense_1_unit_64.h5
c603586,103,5.87,9.63,4.89,14.31,/kaggle/working/models_2/103/5.87_603586_25_mem_3_ltsm_1_dense_1_unit_64.h5
c600635,103,0.08,26.69,0.05,3.01,/kaggle/working/models_2/103/0.08_600635_34_mem_3_ltsm_1_dense_1_unit_64.h5
c600777,103,0.06,12.31,0.36,21.23,/kaggle/working/models_2/103/0.06_600777_10_mem_3_ltsm_1_dense_1_unit_64.h5
c600880,103,0.4,34.39,0.98,15.64,/kaggle/working/models_2/103/0.40_600880_14_mem_3_ltsm_1_dense_1_unit_64.h5
c600880,103,0.4,30.13,0.95,17.33,/kaggle/working/models_2/103/0.40_600880_21_mem_3_ltsm_1_dense_1_unit_64.h5
c000813,103,0.2,7.42,1.75,23.04,/kaggle/working/models_2/103/0.20_000813_65_mem_3_ltsm_1_dense_1_unit_64.h5
c601139,103,0.51,9.95,1.53,9.8,/kaggle/working/models_2/103/0.51_601139_13_mem_3_ltsm_1_dense_1_unit_64.h5
c603901,103,3.01,14.12,3.05,9.63,/kaggle/working/models_2/103/3.01_603901_21_mem_3_ltsm_1_dense_1_unit_64.h5
c002207,103,1.16,8.99,0.77,9.2,/kaggle/working/models_2/103/1.16_002207_28_mem_3_ltsm_1_dense_1_unit_64.h5
c002363,103,0.68,8.2,0.44,8.54,/kaggle/working/models_2/103/0.68_002363_33_mem_3_ltsm_1_dense_1_unit_64.h5
c002860,103,0.8,7.31,15.91,21.38,/kaggle/working/models_2/103/0.80_002860_99_mem_3_ltsm_1_dense_1_unit_64.h5
c002089,103,0.09,6.4,0.02,4.42,/kaggle/working/models_2/103/0.09_002089_89_mem_3_ltsm_1_dense_1_unit_64.h5
c001319,103,0.87,3.58,345.93,77.18,/kaggle/working/models_2/103/0.87_001319_70_mem_3_ltsm_1_dense_1_unit_64.h5
c002239,103,0.06,8.48,0.05,4.02,/kaggle/working/models_2/103/0.06_002239_35_mem_3_ltsm_1_dense_1_unit_64.h5
c002239,103,0.06,9.01,0.13,7.83,/kaggle/working/models_2/103/0.06_002239_43_mem_3_ltsm_1_dense_1_unit_64.h5
c002239,103,0.06,8.85,0.06,5.01,/kaggle/working/models_2/103/0.06_002239_46_mem_3_ltsm_1_dense_1_unit_64.h5
c002547,103,0.35,7.46,0.25,7.66,/kaggle/working/models_2/103/0.35_002547_55_mem_3_ltsm_1_dense_1_unit_64.h5
c002547,103,0.35,6.81,0.25,7.87,/kaggle/working/models_2/103/0.35_002547_56_mem_3_ltsm_1_dense_1_unit_64.h5
c001231,103,0.0,0.13,2.62,6.84,/kaggle/working/models_2/103/0.00_001231_59_mem_3_ltsm_1_dense_1_unit_64.h5
c002259,103,0.34,8.82,0.26,14.13,/kaggle/working/models_2/103/0.34_002259_29_mem_3_ltsm_1_dense_1_unit_64.h5
c002995,103,8.48,11.21,32.45,23.24,/kaggle/working/models_2/103/8.48_002995_36_mem_3_ltsm_1_dense_1_unit_64.h5
c603009,103,4.07,12.81,1.35,13.68,/kaggle/working/models_2/103/4.07_603009_19_mem_3_ltsm_1_dense_1_unit_64.h5
c002522,103,2.03,11.9,0.61,10.73,/kaggle/working/models_2/103/2.03_002522_28_mem_3_ltsm_1_dense_1_unit_64.h5
c603136,103,2.5,8.42,402.74,62.75,/kaggle/working/models_2/103/2.50_603136_96_mem_3_ltsm_1_dense_1_unit_64.h5
c002554,103,0.17,7.14,0.06,6.47,/kaggle/working/models_2/103/0.17_002554_48_mem_3_ltsm_1_dense_1_unit_64.h5
c000712,103,0.65,12.27,1.0,6.48,/kaggle/working/models_2/103/0.65_000712_60_mem_3_ltsm_1_dense_1_unit_64.h5
c002015,103,0.19,8.05,10.81,16.48,/kaggle/working/models_2/103/0.19_002015_34_mem_3_ltsm_1_dense_1_unit_64.h5
c603958,103,2.32,8.86,0.59,10.77,/kaggle/working/models_2/103/2.32_603958_28_mem_3_ltsm_1_dense_1_unit_64.h5
c002398,103,0.21,6.78,0.08,3.17,/kaggle/working/models_2/103/0.21_002398_41_mem_3_ltsm_1_dense_1_unit_64.h5
c000886,103,0.2,7.86,0.06,4.83,/kaggle/working/models_2/103/0.20_000886_26_mem_3_ltsm_1_dense_1_unit_64.h5
c000886,103,0.2,7.57,0.04,4.04,/kaggle/working/models_2/103/0.20_000886_30_mem_3_ltsm_1_dense_1_unit_64.h5
c002254,103,0.49,6.83,11.28,13.94,/kaggle/working/models_2/103/0.49_002254_72_mem_3_ltsm_1_dense_1_unit_64.h5
c600956,103,5.64,15.27,9.49,27.99,/kaggle/working/models_2/103/5.64_600956_30_mem_3_ltsm_1_dense_1_unit_64.h5
c000610,103,0.46,7.08,0.42,3.63,/kaggle/working/models_2/103/0.46_000610_40_mem_3_ltsm_1_dense_1_unit_64.h5
c000610,103,0.46,7.03,0.31,3.06,/kaggle/working/models_2/103/0.46_000610_43_mem_3_ltsm_1_dense_1_unit_64.h5
c603150,103,5.76,7.98,6.33,8.65,/kaggle/working/models_2/103/5.76_603150_58_mem_3_ltsm_1_dense_1_unit_64.h5
c000603,103,1.81,27.29,0.61,5.0,/kaggle/working/models_2/103/1.81_000603_27_mem_3_ltsm_1_dense_1_unit_64.h5
c603989,103,22.98,18.12,72.54,19.99,/kaggle/working/models_2/103/22.98_603989_10_mem_3_ltsm_1_dense_1_unit_64.h5
c000536,103,0.27,34.11,0.6,26.6,/kaggle/working/models_2/103/0.27_000536_39_mem_3_ltsm_1_dense_1_unit_64.h5
c002664,103,2.57,7.01,0.46,3.42,/kaggle/working/models_2/103/2.57_002664_62_mem_3_ltsm_1_dense_1_unit_64.h5
c600426,103,0.27,28.7,148.23,34.03,/kaggle/working/models_2/103/0.27_600426_21_mem_3_ltsm_1_dense_1_unit_64.h5
c600426,103,0.27,27.76,144.24,33.58,/kaggle/working/models_2/103/0.27_600426_32_mem_3_ltsm_1_dense_1_unit_64.h5
c600162,103,0.13,12.62,0.06,10.92,/kaggle/working/models_2/103/0.13_600162_30_mem_3_ltsm_1_dense_1_unit_64.h5
c002903,103,15.36,15.85,19.17,16.85,/kaggle/working/models_2/103/15.36_002903_20_mem_3_ltsm_1_dense_1_unit_64.h5
c600860,103,0.44,8.16,3.53,7.5,/kaggle/working/models_2/103/0.44_600860_24_mem_3_ltsm_1_dense_1_unit_64.h5
c002692,103,0.4,8.71,0.08,6.22,/kaggle/working/models_2/103/0.40_002692_25_mem_3_ltsm_1_dense_1_unit_64.h5
c000066,103,0.29,9.1,1.82,9.59,/kaggle/working/models_2/103/0.29_000066_33_mem_3_ltsm_1_dense_1_unit_64.h5
c603629,103,5.74,10.3,6.27,12.38,/kaggle/working/models_2/103/5.74_603629_27_mem_3_ltsm_1_dense_1_unit_64.h5
c000702,103,0.47,7.66,0.22,6.35,/kaggle/working/models_2/103/0.47_000702_27_mem_3_ltsm_1_dense_1_unit_64.h5
c000595,103,0.12,7.7,0.14,5.24,/kaggle/working/models_2/103/0.12_000595_31_mem_3_ltsm_1_dense_1_unit_64.h5
c000595,103,0.12,7.86,0.3,7.31,/kaggle/working/models_2/103/0.12_000595_47_mem_3_ltsm_1_dense_1_unit_64.h5
c605366,103,15.59,21.22,215.35,85.97,/kaggle/working/models_2/103/15.59_605366_28_mem_3_ltsm_1_dense_1_unit_64.h5
c600773,103,0.65,9.64,6.38,6.42,/kaggle/working/models_2/103/0.65_600773_40_mem_3_ltsm_1_dense_1_unit_64.h5
c000903,103,0.05,22.96,0.23,5.62,/kaggle/working/models_2/103/0.05_000903_19_mem_3_ltsm_1_dense_1_unit_64.h5
c002336,103,0.93,6.66,3.53,9.96,/kaggle/working/models_2/103/0.93_002336_33_mem_3_ltsm_1_dense_1_unit_64.h5
c603922,103,12.43,12.65,51.18,27.38,/kaggle/working/models_2/103/12.43_603922_15_mem_3_ltsm_1_dense_1_unit_64.h5
c002235,103,0.4,7.1,0.26,6.84,/kaggle/working/models_2/103/0.40_002235_51_mem_3_ltsm_1_dense_1_unit_64.h5
c002235,103,0.4,7.71,0.23,6.26,/kaggle/working/models_2/103/0.40_002235_56_mem_3_ltsm_1_dense_1_unit_64.h5
c000626,103,0.97,13.1,0.64,5.94,/kaggle/working/models_2/103/0.97_000626_24_mem_3_ltsm_1_dense_1_unit_64.h5
c603660,103,3.33,10.64,0.29,7.78,/kaggle/working/models_2/103/3.33_603660_29_mem_3_ltsm_1_dense_1_unit_64.h5
c601952,103,1.62,12.03,3.42,10.75,/kaggle/working/models_2/103/1.62_601952_19_mem_3_ltsm_1_dense_1_unit_64.h5
c600298,103,0.82,34.08,154.23,20.36,/kaggle/working/models_2/103/0.82_600298_44_mem_3_ltsm_1_dense_1_unit_64.h5
c600403,103,0.28,8.01,0.12,6.83,/kaggle/working/models_2/103/0.28_600403_45_mem_3_ltsm_1_dense_1_unit_64.h5
c603655,103,68.83,20.31,31.6,20.76,/kaggle/working/models_2/103/68.83_603655_16_mem_3_ltsm_1_dense_1_unit_64.h5
c002560,103,0.34,7.15,0.17,4.57,/kaggle/working/models_2/103/0.34_002560_38_mem_3_ltsm_1_dense_1_unit_64.h5
c002484,103,0.37,8.27,63.88,29.72,/kaggle/working/models_2/103/0.37_002484_48_mem_3_ltsm_1_dense_1_unit_64.h5
c600377,103,0.17,34.91,0.42,6.87,/kaggle/working/models_2/103/0.17_600377_16_mem_3_ltsm_1_dense_1_unit_64.h5
c600377,103,0.17,35.6,0.17,3.72,/kaggle/working/models_2/103/0.17_600377_17_mem_3_ltsm_1_dense_1_unit_64.h5
c002488,103,0.46,8.8,0.24,5.17,/kaggle/working/models_2/103/0.46_002488_30_mem_3_ltsm_1_dense_1_unit_64.h5
c002125,103,0.16,7.49,12.56,15.97,/kaggle/working/models_2/103/0.16_002125_51_mem_3_ltsm_1_dense_1_unit_64.h5
c601919,103,1.54,55.64,37.24,93.49,/kaggle/working/models_2/103/1.54_601919_10_mem_3_ltsm_1_dense_1_unit_64.h5
c002569,103,9.33,10.83,2.91,22.82,/kaggle/working/models_2/103/9.33_002569_15_mem_3_ltsm_1_dense_1_unit_64.h5
c600699,103,0.81,11.63,13.67,18.36,/kaggle/working/models_2/103/0.81_600699_20_mem_3_ltsm_1_dense_1_unit_64.h5
c002518,103,0.64,8.82,218.63,24.79,/kaggle/working/models_2/103/0.64_002518_47_mem_3_ltsm_1_dense_1_unit_64.h5
c600506,103,0.92,7.36,0.19,3.57,/kaggle/working/models_2/103/0.92_600506_29_mem_3_ltsm_1_dense_1_unit_64.h5
c600297,103,0.28,11.65,2.59,49.98,/kaggle/working/models_2/103/0.28_600297_15_mem_3_ltsm_1_dense_1_unit_64.h5
c000998,103,0.86,39.14,1.65,7.03,/kaggle/working/models_2/103/0.86_000998_31_mem_3_ltsm_1_dense_1_unit_64.h5
c600135,103,0.82,6.76,0.23,5.44,/kaggle/working/models_2/103/0.82_600135_50_mem_3_ltsm_1_dense_1_unit_64.h5
c600681,103,0.19,28.1,0.06,3.57,/kaggle/working/models_2/103/0.19_600681_29_mem_3_ltsm_1_dense_1_unit_64.h5
c600792,103,0.15,6.72,0.33,14.24,/kaggle/working/models_2/103/0.15_600792_35_mem_3_ltsm_1_dense_1_unit_64.h5
c002555,103,10.58,53.0,108.36,47.73,/kaggle/working/models_2/103/10.58_002555_17_mem_3_ltsm_1_dense_1_unit_64.h5
c000931,103,0.69,7.68,0.17,3.61,/kaggle/working/models_2/103/0.69_000931_64_mem_3_ltsm_1_dense_1_unit_64.h5
c000738,103,1.44,12.16,5.11,8.62,/kaggle/working/models_2/103/1.44_000738_26_mem_3_ltsm_1_dense_1_unit_64.h5
c600476,103,1.46,8.5,0.45,4.07,/kaggle/working/models_2/103/1.46_600476_26_mem_3_ltsm_1_dense_1_unit_64.h5
c002590,103,0.69,8.45,0.4,6.5,/kaggle/working/models_2/103/0.69_002590_50_mem_3_ltsm_1_dense_1_unit_64.h5
c603567,103,1.24,5.79,0.44,3.74,/kaggle/working/models_2/103/1.24_603567_72_mem_3_ltsm_1_dense_1_unit_64.h5
c002966,103,0.62,9.7,2.29,15.93,/kaggle/working/models_2/103/0.62_002966_18_mem_3_ltsm_1_dense_1_unit_64.h5
c601965,103,0.43,7.32,45.63,34.44,/kaggle/working/models_2/103/0.43_601965_53_mem_3_ltsm_1_dense_1_unit_64.h5
c601965,103,0.43,7.48,46.85,36.4,/kaggle/working/models_2/103/0.43_601965_60_mem_3_ltsm_1_dense_1_unit_64.h5
c002405,103,0.7,6.11,0.18,2.16,/kaggle/working/models_2/103/0.70_002405_91_mem_3_ltsm_1_dense_1_unit_64.h5
c002188,103,1.39,8.19,0.36,11.07,/kaggle/working/models_2/103/1.39_002188_30_mem_3_ltsm_1_dense_1_unit_64.h5
c000792,103,2.63,61.72,48.51,16.26,/kaggle/working/models_2/103/2.63_000792_36_mem_3_ltsm_1_dense_1_unit_64.h5
c603133,103,3.59,9.0,1.35,9.09,/kaggle/working/models_2/103/3.59_603133_34_mem_3_ltsm_1_dense_1_unit_64.h5
c600478,103,0.3,10.1,0.71,11.22,/kaggle/working/models_2/103/0.30_600478_25_mem_3_ltsm_1_dense_1_unit_64.h5
c600759,103,0.31,12.94,0.37,21.44,/kaggle/working/models_2/103/0.31_600759_15_mem_3_ltsm_1_dense_1_unit_64.h5
c600759,103,0.31,13.42,0.27,18.22,/kaggle/working/models_2/103/0.31_600759_20_mem_3_ltsm_1_dense_1_unit_64.h5
c603730,103,4.59,14.6,11.05,21.98,/kaggle/working/models_2/103/4.59_603730_19_mem_3_ltsm_1_dense_1_unit_64.h5
c002055,103,3.99,13.69,3.26,9.88,/kaggle/working/models_2/103/3.99_002055_20_mem_3_ltsm_1_dense_1_unit_64.h5
c600671,103,0.96,8.46,1.09,5.4,/kaggle/working/models_2/103/0.96_600671_32_mem_3_ltsm_1_dense_1_unit_64.h5
c000657,103,0.59,9.07,3.23,14.79,/kaggle/working/models_2/103/0.59_000657_21_mem_3_ltsm_1_dense_1_unit_64.h5
c000657,103,0.59,9.24,5.18,15.72,/kaggle/working/models_2/103/0.59_000657_25_mem_3_ltsm_1_dense_1_unit_64.h5
c002316,103,0.51,6.81,0.47,12.83,/kaggle/working/models_2/103/0.51_002316_52_mem_3_ltsm_1_dense_1_unit_64.h5
c600873,103,0.14,46.07,0.07,4.37,/kaggle/working/models_2/103/0.14_600873_26_mem_3_ltsm_1_dense_1_unit_64.h5
c000816,103,0.19,8.06,0.16,12.88,/kaggle/working/models_2/103/0.19_000816_23_mem_3_ltsm_1_dense_1_unit_64.h5
c000816,103,0.19,8.11,0.12,8.41,/kaggle/working/models_2/103/0.19_000816_24_mem_3_ltsm_1_dense_1_unit_64.h5
c603633,103,0.76,7.4,2.06,9.04,/kaggle/working/models_2/103/0.76_603633_64_mem_3_ltsm_1_dense_1_unit_64.h5
c002890,103,11.94,12.56,5.2,10.8,/kaggle/working/models_2/103/11.94_002890_26_mem_3_ltsm_1_dense_1_unit_64.h5
c002659,103,4.17,12.47,1.73,23.56,/kaggle/working/models_2/103/4.17_002659_17_mem_3_ltsm_1_dense_1_unit_64.h5
c600938,103,0.95,5.1,2.71,7.96,/kaggle/working/models_2/103/0.95_600938_53_mem_3_ltsm_1_dense_1_unit_64.h5
c600905,103,0.12,4.69,0.06,4.02,/kaggle/working/models_2/103/0.12_600905_33_mem_3_ltsm_1_dense_1_unit_64.h5
c600391,103,2.55,8.53,0.71,3.75,/kaggle/working/models_2/103/2.55_600391_53_mem_3_ltsm_1_dense_1_unit_64.h5
c002968,103,12.68,11.92,23.6,20.81,/kaggle/working/models_2/103/12.68_002968_22_mem_3_ltsm_1_dense_1_unit_64.h5
c002410,103,2.95,9.02,71.15,12.75,/kaggle/working/models_2/103/2.95_002410_61_mem_3_ltsm_1_dense_1_unit_64.h5
c603012,103,3.06,15.11,0.23,5.57,/kaggle/working/models_2/103/3.06_603012_15_mem_3_ltsm_1_dense_1_unit_64.h5
c600640,103,1.43,8.69,0.64,5.04,/kaggle/working/models_2/103/1.43_600640_27_mem_3_ltsm_1_dense_1_unit_64.h5
c603308,103,1.09,7.2,1.32,4.59,/kaggle/working/models_2/103/1.09_603308_59_mem_3_ltsm_1_dense_1_unit_64.h5
c002052,103,1.02,11.55,1.45,66.44,/kaggle/working/models_2/103/1.02_002052_12_mem_3_ltsm_1_dense_1_unit_64.h5
c000735,103,0.2,7.75,1.75,9.27,/kaggle/working/models_2/103/0.20_000735_26_mem_3_ltsm_1_dense_1_unit_64.h5
c600758,103,0.37,6.98,0.4,13.3,/kaggle/working/models_2/103/0.37_600758_45_mem_3_ltsm_1_dense_1_unit_64.h5
c603303,103,0.73,6.78,3.53,9.91,/kaggle/working/models_2/103/0.73_603303_98_mem_3_ltsm_1_dense_1_unit_64.h5
c603665,103,19.0,20.71,1547.75,89.57,/kaggle/working/models_2/103/19.00_603665_12_mem_3_ltsm_1_dense_1_unit_64.h5
c000409,103,0.53,7.68,0.14,5.13,/kaggle/working/models_2/103/0.53_000409_32_mem_3_ltsm_1_dense_1_unit_64.h5
c603639,103,3.01,9.19,51.23,28.48,/kaggle/working/models_2/103/3.01_603639_94_mem_3_ltsm_1_dense_1_unit_64.h5
c603337,103,18.49,14.87,10.92,13.14,/kaggle/working/models_2/103/18.49_603337_16_mem_3_ltsm_1_dense_1_unit_64.h5
c600917,103,0.62,7.59,0.96,9.71,/kaggle/working/models_2/103/0.62_600917_34_mem_3_ltsm_1_dense_1_unit_64.h5
c600606,103,0.19,43.52,0.2,8.13,/kaggle/working/models_2/103/0.19_600606_64_mem_3_ltsm_1_dense_1_unit_64.h5
c000937,103,0.34,23.68,0.27,12.59,/kaggle/working/models_2/103/0.34_000937_41_mem_3_ltsm_1_dense_1_unit_64.h5
c002806,103,22.23,17.59,11.01,24.29,/kaggle/working/models_2/103/22.23_002806_14_mem_3_ltsm_1_dense_1_unit_64.h5
c002056,103,0.18,9.17,27.98,22.13,/kaggle/working/models_2/103/0.18_002056_48_mem_3_ltsm_1_dense_1_unit_64.h5
c601089,103,0.54,3.69,1.27,7.0,/kaggle/working/models_2/103/0.54_601089_48_mem_3_ltsm_1_dense_1_unit_64.h5
c603890,103,0.81,7.79,2.63,13.98,/kaggle/working/models_2/103/0.81_603890_67_mem_3_ltsm_1_dense_1_unit_64.h5
c601898,103,0.29,6.61,0.21,8.3,/kaggle/working/models_2/103/0.29_601898_58_mem_3_ltsm_1_dense_1_unit_64.h5
c000949,103,0.13,7.28,0.18,4.29,/kaggle/working/models_2/103/0.13_000949_31_mem_3_ltsm_1_dense_1_unit_64.h5
c600083,103,0.52,8.19,2.95,11.22,/kaggle/working/models_2/103/0.52_600083_52_mem_3_ltsm_1_dense_1_unit_64.h5
c002199,103,0.79,6.75,0.2,4.73,/kaggle/working/models_2/103/0.79_002199_55_mem_3_ltsm_1_dense_1_unit_64.h5
c603377,103,11.35,17.43,1.22,12.89,/kaggle/working/models_2/103/11.35_603377_16_mem_3_ltsm_1_dense_1_unit_64.h5
c002847,103,283.37,20.87,545.54,27.22,/kaggle/working/models_2/103/283.37_002847_34_mem_3_ltsm_1_dense_1_unit_64.h5
c002739,103,25.26,11.1,7.3,18.96,/kaggle/working/models_2/103/25.26_002739_26_mem_3_ltsm_1_dense_1_unit_64.h5
c000970,103,0.48,8.26,0.33,3.79,/kaggle/working/models_2/103/0.48_000970_39_mem_3_ltsm_1_dense_1_unit_64.h5
c600202,103,0.63,8.03,0.19,6.86,/kaggle/working/models_2/103/0.63_600202_26_mem_3_ltsm_1_dense_1_unit_64.h5
c600644,103,0.3,8.52,0.13,4.52,/kaggle/working/models_2/103/0.30_600644_52_mem_3_ltsm_1_dense_1_unit_64.h5
c600365,103,0.27,7.81,0.14,6.96,/kaggle/working/models_2/103/0.27_600365_45_mem_3_ltsm_1_dense_1_unit_64.h5
c600038,103,5.6,11.43,15.46,4.82,/kaggle/working/models_2/103/5.60_600038_45_mem_3_ltsm_1_dense_1_unit_64.h5
c601702,103,4.33,14.18,35.0,27.92,/kaggle/working/models_2/103/4.33_601702_57_mem_3_ltsm_1_dense_1_unit_64.h5
c002812,103,171.36,11.79,1929.62,22.14,/kaggle/working/models_2/103/171.36_002812_72_mem_3_ltsm_1_dense_1_unit_64.h5
c002783,103,2.88,11.11,0.95,9.62,/kaggle/working/models_2/103/2.88_002783_23_mem_3_ltsm_1_dense_1_unit_64.h5
c600975,103,0.2,10.57,0.29,4.84,/kaggle/working/models_2/103/0.20_600975_18_mem_3_ltsm_1_dense_1_unit_64.h5
c002074,103,1.54,7.37,116.57,16.21,/kaggle/working/models_2/103/1.54_002074_43_mem_3_ltsm_1_dense_1_unit_64.h5
c002078,103,0.19,9.5,3.38,11.89,/kaggle/working/models_2/103/0.19_002078_34_mem_3_ltsm_1_dense_1_unit_64.h5
c002540,103,1.06,16.79,2.1,18.17,/kaggle/working/models_2/103/1.06_002540_13_mem_3_ltsm_1_dense_1_unit_64.h5
c603048,103,1.17,4.92,2.34,8.36,/kaggle/working/models_2/103/1.17_603048_51_mem_3_ltsm_1_dense_1_unit_64.h5
c000759,103,0.25,7.85,0.06,2.68,/kaggle/working/models_2/103/0.25_000759_33_mem_3_ltsm_1_dense_1_unit_64.h5
c002394,103,0.5,6.79,0.14,4.26,/kaggle/working/models_2/103/0.50_002394_72_mem_3_ltsm_1_dense_1_unit_64.h5
c002085,103,1.44,80.85,7.19,40.01,/kaggle/working/models_2/103/1.44_002085_12_mem_3_ltsm_1_dense_1_unit_64.h5
c600966,103,0.08,8.59,10.85,21.27,/kaggle/working/models_2/103/0.08_600966_33_mem_3_ltsm_1_dense_1_unit_64.h5
c600966,103,0.08,8.59,8.45,16.5,/kaggle/working/models_2/103/0.08_600966_40_mem_3_ltsm_1_dense_1_unit_64.h5
